,level_0,index,channelId,channelTitle,categoryId,title,videoId,publishedAt,viewCount,likeCount,dislikeCount,commentCount,tags,channelVideoId,datePublished,todayDate,daysPublished,averageViewCount,positiveRating,negativeRating,engagementRating
0,0,3,UCUvvj5lwue7PspotMDjk5UA,Meet Kevin,27,The Market Collapse &amp; Bitcoin to $0 [w/ Peter Schiff],F9xaOMm8_Zk,2021-02-27T16:46:32Z,21196,2617,477,0,"['peter schiff', 'money', 'gold', 'bitcoin', 'elon musk', 'musk', 'tesla', 'nasdaq', 'tech stocks', 'tech crash', 'stock crash', 'stocks']",Meet Kevin 0,2021-02-27,2021-02-28,1,21196.0,12.35,2.25,0.0
1,1,0,UCUvvj5lwue7PspotMDjk5UA,Meet Kevin,25,"$1,400 Stimulus PASSED by House! [Details &amp; Next Steps].",wx7J5kPpZpo,2021-02-27T07:25:06Z,160024,10807,121,1833,"['stimulus check', 'stimulus package', 'stimulus update', 'stimulus checks', 'unemployment stimulus', 'congress', 'clearvalue tax', 'clear value tax', 'stephen gardner', 'gardner', 'new stimulus package', 'pelosi', 'second stimulus check timing', 'new stimulus bill', 'new', 'biden stimulus', 'third stimulus check', 'stimulus 3', 'new stimulus biden', 'biden stimulus plan', 'biden speaks on stimulus', 'new stimulus plan', 'american recovery', 'its jimmy', 'third stimulus', 'new stimulus', 'recovery plan', 'schumer', 'stimulus passes']",Meet Kevin 1,2021-02-27,2021-02-28,1,160024.0,6.75,0.08,1.15
2,2,9,UCUvvj5lwue7PspotMDjk5UA,Meet Kevin,25,"House Debates &amp; Passes: $1,400 Stimulus Check Package.",ziaaz1PVL1E,2021-02-27T07:24:29Z,295303,7452,257,491,"['congress', 'house', 'debates', 'stimulus', 'stimulus check', 'stimulus update']",Meet Kevin 2,2021-02-27,2021-02-28,1,295303.0,2.52,0.09,0.17
3,3,1,UCUvvj5lwue7PspotMDjk5UA,Meet Kevin,27,I&#39;m Not F$*king Leaving.,wlPIgxZpqNk,2021-02-27T02:36:23Z,213687,9257,217,1916,"['stocks', 'investing', 'ark', 'ark invest', 'stock crash', 'market crash', 'market crisis', 'crash', 'stocks fell', 'why stocks fell']",Meet Kevin 3,2021-02-27,2021-02-28,1,213687.0,4.33,0.1,0.9
4,4,6,UCUvvj5lwue7PspotMDjk5UA,Meet Kevin,25,"$1,400 Stimulus Check Update and Changes | [2-26]",0xBgteoof-o,2021-02-27T00:23:13Z,175033,7569,243,1153,"['stimulus check', 'stimulus package', 'stimulus update', 'stimulus checks', 'unemployment stimulus', 'congress', 'clearvalue tax', 'clear value tax', 'stephen gardner', 'gardner', 'new stimulus package', 'pelosi', 'second stimulus check timing', 'new stimulus bill', 'new', 'biden stimulus', 'third stimulus check', 'stimulus 3', 'new stimulus biden', 'biden stimulus plan', 'biden speaks on stimulus', 'new stimulus plan', 'american recovery', 'its jimmy', 'third stimulus', 'new stimulus', 'recovery plan', 'schumer']",Meet Kevin 4,2021-02-27,2021-02-28,1,175033.0,4.32,0.14,0.66
5,5,2,UCUvvj5lwue7PspotMDjk5UA,Meet Kevin,27,Final Market Close: February.,mr55l3bz5wg,2021-02-26T21:41:56Z,146230,2994,111,463,"['market', 'investing', 'stocks']",Meet Kevin 5,2021-02-26,2021-02-28,2,73115.0,2.05,0.08,0.32
6,6,4,UCUvvj5lwue7PspotMDjk5UA,Meet Kevin,27,Market Open: Will the Market Recover or Crash Again?,a1RnIgNB9qo,2021-02-26T16:16:21Z,199182,3905,135,421,"['stocks', 'investing', 'market']",Meet Kevin 6,2021-02-26,2021-02-28,2,99591.0,1.96,0.07,0.21
7,7,5,UCUvvj5lwue7PspotMDjk5UA,Meet Kevin,27,Why the Market CRASHED Today | The Truth.,vjIBxM72jHY,2021-02-25T23:34:00Z,435035,20189,376,3222,"['market crash', 'stocks', 'market fall', 'market collapse', 'graham stephan', 'andrei jikh', 'Jeremy financial education', 'ziptrader', 'swaggyc', 'day trade', 'bitcoin', 'investing', 'investing in stocks', 'buying stocks']",Meet Kevin 7,2021-02-25,2021-02-28,3,145012.0,4.64,0.09,0.74
8,8,8,UCUvvj5lwue7PspotMDjk5UA,Meet Kevin,25,The Federal Reserve JUST Failed | Cathie Wood &amp; Bitcoin Respond.,ryCkK-Toxx8,2021-02-25T17:01:27Z,240549,7065,211,1948,"['federal reserve', 'fed', 'bitcoin', 'cathie wood', 'cryptocurrency', 'jerome powell']",Meet Kevin 8,2021-02-25,2021-02-28,3,80183.0,2.94,0.09,0.81
9,9,13,UCUvvj5lwue7PspotMDjk5UA,Meet Kevin,27,Confronting the CEO of Matterport [My Next 3x Stock].,FqHi_rCOEBY,2021-02-25T04:32:26Z,58621,1835,60,650,"['matterport', 'stock', 'investing']",Meet Kevin 9,2021-02-25,2021-02-28,3,19540.0,3.13,0.1,1.11
10,10,10,UCUvvj5lwue7PspotMDjk5UA,Meet Kevin,27,GME AFTER HOURS!!! &amp; Market Close: Half Disaster. Half Victory.,imLcTw74yog,2021-02-25T01:21:38Z,283701,5820,204,477,"['gme', 'gamestop', 'amc', 'market close', 'stocks', 'investing', 'cnbc', 'graham stephan', 'ziptrader', 'swaggyc', 'jeremy financial education', 'cciv', 'lucid']",Meet Kevin 10,2021-02-25,2021-02-28,3,94567.0,2.05,0.07,0.17
11,11,19,UCUvvj5lwue7PspotMDjk5UA,Meet Kevin,27,"Fed &amp; $1,400 Stimulus Check Update [2-24]",lvZP273p9zk,2021-02-24T20:29:42Z,247677,8278,315,2122,"['stimulus check', 'stimulus package', 'stimulus update', 'stimulus checks', 'unemployment stimulus', 'congress', 'clearvalue tax', 'clear value tax', 'stephen gardner', 'gardner', 'new stimulus package', 'pelosi', 'second stimulus check timing', 'new stimulus bill', 'new', 'biden stimulus', 'third stimulus check', 'stimulus 3', 'new stimulus biden', 'biden stimulus plan', 'biden speaks on stimulus', 'new stimulus plan', 'american recovery', 'its jimmy', 'third stimulus', 'new stimulus', 'recovery plan', 'schumer', 'minimum wage']",Meet Kevin 11,2021-02-24,2021-02-28,4,61919.0,3.34,0.13,0.86
12,12,12,UCUvvj5lwue7PspotMDjk5UA,Meet Kevin,27,Market Open! Moon or Setup? [Jerome Powell],K32PklSK3fs,2021-02-24T16:27:40Z,175292,3243,113,357,"['market open', 'investing', 'stocks']",Meet Kevin 12,2021-02-24,2021-02-28,4,43823.0,1.85,0.06,0.2
13,13,28,UCUvvj5lwue7PspotMDjk5UA,Meet Kevin,27,"Tesla vs Lucid ($CCIV): Will Lucid Fail, Sell Now? [w/ Hyperchange]",xP8ZKQKpRLw,2021-02-24T02:04:28Z,193246,4600,337,1088,"['lucid', 'cciv', 'tesla', 'elon musk', 'gali', 'hyperchange', 'hyper change']",Meet Kevin 13,2021-02-24,2021-02-28,4,48312.0,2.38,0.17,0.56
14,14,14,UCUvvj5lwue7PspotMDjk5UA,Meet Kevin,27,Market Closing &amp; Earnings - Market Crash Day!,-I1TfKNHKew,2021-02-23T22:41:34Z,183568,3392,136,517,"['stocks', 'market', 'investing']",Meet Kevin 14,2021-02-23,2021-02-28,5,36714.0,1.85,0.07,0.28
15,15,16,UCUvvj5lwue7PspotMDjk5UA,Meet Kevin,25,What the Fed just Said... As the Market is Crashing.,0pcKUMKu6c0,2021-02-23T19:22:49Z,266471,9267,266,2149,"['fed', 'federal reserve', 'jerome powell', 'jpow', 'money printer', 'inflation', 'rates', 'unemployment', 'stimulus', 'wealth', 'k-shaped']",Meet Kevin 15,2021-02-23,2021-02-28,5,53294.0,3.48,0.1,0.81
16,16,7,UCUvvj5lwue7PspotMDjk5UA,Meet Kevin,27,The Market Crash is Here,5Y_qBF5DKYA,2021-02-23T16:34:58Z,408407,8032,426,1340,"['market crash', 'stocks', 'fall']",Meet Kevin 16,2021-02-23,2021-02-28,5,81681.0,1.97,0.1,0.33
17,17,36,UCUvvj5lwue7PspotMDjk5UA,Meet Kevin,25,Lucid &amp; CCIV....... How the Suits Screwed us Again.,NR76ObYeGkw,2021-02-23T03:36:39Z,450335,17328,499,4172,"['stocks', 'stock moe', 'ricky gutierez', 'ziptrader', 'charlie', 'lucid', 'cciv', 'lucid motors', 'bloomberg', 'reuters']",Meet Kevin 17,2021-02-23,2021-02-28,5,90067.0,3.85,0.11,0.93
18,18,27,UCUvvj5lwue7PspotMDjk5UA,Meet Kevin,27,Ethereum&#39;s New Bubble: Non-Fungible Tokens | wtf.,-StxMsKRzKE,2021-02-23T00:57:05Z,94989,3643,143,1614,"['logan paul', 'non-fungible token', 'nft', 'fungible', 'fungible token', 'creator nft', 'paul', 'paul logan']",Meet Kevin 18,2021-02-23,2021-02-28,5,18998.0,3.84,0.15,1.7
19,19,25,UCUvvj5lwue7PspotMDjk5UA,Meet Kevin,27,Market Close - HOLY CRAP.... it&#39;s bad!,9GOs1P78TXA,2021-02-22T22:43:22Z,266179,4583,221,1251,['stocks'],Meet Kevin 19,2021-02-22,2021-02-28,6,44363.0,1.72,0.08,0.47
20,20,22,UCUvvj5lwue7PspotMDjk5UA,Meet Kevin,27,Market Open - BTC Crash &amp; Market Pullback.,K0TCbKj8CCQ,2021-02-22T16:59:06Z,194145,3397,135,805,0,Meet Kevin 20,2021-02-22,2021-02-28,6,32358.0,1.75,0.07,0.41
21,21,30,UCUvvj5lwue7PspotMDjk5UA,Meet Kevin,25,"Why the Market is Dropping Today [Stocks, Bitcoin, Tesla]",r3NBTp7Vd5k,2021-02-22T10:45:17Z,314411,8697,246,3199,"['stocks', 'investing', 'market', 'premarket', 'tesla', 'bitcoin', 'market fall', 'inflation', 'margin', 'froth']",Meet Kevin 21,2021-02-22,2021-02-28,6,52402.0,2.77,0.08,1.02
22,22,37,UCUvvj5lwue7PspotMDjk5UA,Meet Kevin,27,The Future of Electric Vehicles: My Thoughts on Sandy Munro,xzyNke3DkJg,2021-02-21T21:32:41Z,115463,3773,135,1442,"['stocks', 'investing', 'sandy munro', 'tesla', 'apple', 'nio', 'lucid', 'cciv', 'evtol']",Meet Kevin 22,2021-02-21,2021-02-28,7,16495.0,3.27,0.12,1.25
23,23,33,UCUvvj5lwue7PspotMDjk5UA,Meet Kevin,27,I&#39;m Shocked... How to get the Best Price on Bitcoin [Trigger Warning],t97CKz07BbE,2021-02-20T21:47:54Z,113450,4530,127,3497,"['bitcoin', 'btc', 'cryptocurrency']",Meet Kevin 23,2021-02-20,2021-02-28,8,14181.0,3.99,0.11,3.08
24,24,31,UCUvvj5lwue7PspotMDjk5UA,Meet Kevin,27,New Bill! Full Details on $300/month Child Tax Credit! [Stimulus Check Bill],wzB0JoJvmSU,2021-02-20T18:17:44Z,185236,6122,132,1756,"['stimulus check', 'stimulus package', 'stimulus update', 'stimulus checks', 'unemployment stimulus', 'congress', 'clearvalue tax', 'clear value tax', 'stephen gardner', 'gardner', 'new stimulus package', 'pelosi', 'second stimulus check timing', 'new stimulus bill', 'new', 'third stimulus check', 'stimulus 3', 'new stimulus biden', 'biden stimulus plan', 'biden speaks on stimulus', 'new stimulus plan', 'american recovery', 'its jimmy', 'third stimulus', 'new stimulus', 'recovery plan', 'schumer', 'child tax credit']",Meet Kevin 24,2021-02-20,2021-02-28,8,23154.0,3.3,0.07,0.95
25,25,35,UCUvvj5lwue7PspotMDjk5UA,Meet Kevin,27,AVOID this Big Mistake in Stocks | How the Suits Screw Us [Ark Invest],TaYlFW-FVU0,2021-02-19T19:14:12Z,120019,4013,85,914,"['capa', 'highcape', 'quantum-si', 'quantum si', 'ark invest', 'cathie wood', 'ark invest cathie wood']",Meet Kevin 25,2021-02-19,2021-02-28,9,13335.0,3.34,0.07,0.76
26,26,29,UCUvvj5lwue7PspotMDjk5UA,Meet Kevin,25,"What Janet Yellen JUST Said [Stimulus Checks, BTC, Rates]",n3s_SBqC2ZU,2021-02-19T00:30:05Z,199972,6522,172,1593,"['stimulus check', 'stimulus package', 'stimulus update', 'stimulus checks', 'unemployment stimulus', 'congress', 'clearvalue tax', 'clear value tax', 'stephen gardner', 'gardner', 'new stimulus package', 'pelosi', 'second stimulus check timing', 'new stimulus bill', 'new', 'georgia runoff', 'biden stimulus', 'third stimulus check', 'stimulus 3', 'new stimulus biden', 'biden stimulus plan', 'biden speaks on stimulus', 'new stimulus plan', 'american recovery', 'its jimmy', 'third stimulus', 'new stimulus', 'recovery plan', 'schumer']",Meet Kevin 26,2021-02-19,2021-02-28,9,22219.0,3.26,0.09,0.8
27,27,49,UCUvvj5lwue7PspotMDjk5UA,Meet Kevin,27,"Bitcoin to $1,000,000 Million Dollars.",ZNJ7s6xEUW4,2021-02-18T23:42:19Z,171113,6387,231,3046,"['btc', 'bitcoin', 'bitcoin currency']",Meet Kevin 27,2021-02-18,2021-02-28,10,17111.0,3.73,0.13,1.78
28,28,48,UCUvvj5lwue7PspotMDjk5UA,Meet Kevin,27,Market Open! [2/18],O1gkngr8m4M,2021-02-18T15:55:12Z,115951,2326,75,271,0,Meet Kevin 28,2021-02-18,2021-02-28,10,11595.0,2.01,0.06,0.23
29,29,26,UCUvvj5lwue7PspotMDjk5UA,Meet Kevin,27,"Tesla vs The Competition: Lucid, Nio, &amp; More [w/ Sandy Munro].",1sLOKHW3ILQ,2021-02-17T20:20:32Z,153157,6297,144,930,"['tsla', 'cciv', 'lucid', 'nio', 'xpeng', 'tesla stock', 'tesla', 'elon', 'elon musk', 'engineering', 'science', 'munro', 'sandy munro']",Meet Kevin 29,2021-02-17,2021-02-28,11,13923.0,4.11,0.09,0.61
30,0,0,UCGy7SkBjcIAgTiwkXEtPnYg,Andrei Jikh,27,THE COMING CRYPTO CRASH,zU780s6rYHY,2021-02-26T23:15:30Z,252997,14636,404,3849,"['ethereum', 'bitcoin', 'NFT', 'nft tokens', 'dao token', 'how to buy bitcoin', 'cryptocurrency', 'crypto', 'robinhood', 'stock market', 'robinhood app', 'best trading app', 'stocks', 'passive income', 'dividends', 'dividend stocks', 'investing', 'investing for beginners', 'how to invest in real estate', 'how to invest in stocks', 'stock options', 'best stock trading app', 'how to be a millionaire', 'credit score', 'credit score explained', 'real estate 101', 'andrei jikh', 'best investments', 'best investment', 'bitcoin vs ethereum', 'dogecoin']",Andrei Jikh 0,2021-02-26,2021-02-28,2,126498.0,5.79,0.16,1.52
31,1,11,UCGy7SkBjcIAgTiwkXEtPnYg,Andrei Jikh,27,"Ethereum To $10,000 (Not Clickbait)",RsM_gUlpd_A,2021-02-22T23:15:04Z,435415,25259,553,6415,"['ethereum', 'bitcoin', 'NFT', 'nft tokens', 'dao token', 'how to buy bitcoin', 'cryptocurrency', 'crypto', 'robinhood', 'stock market', 'robinhood app', 'best trading app', 'stocks', 'passive income', 'dividends', 'dividend stocks', 'investing', 'investing for beginners', 'how to invest in real estate', 'how to invest in stocks', 'stock options', 'best stock trading app', 'how to be a millionaire', 'credit score', 'credit score explained', 'real estate 101', 'andrei jikh', 'best investments', 'best investment', 'bitcoin vs ethereum', 'dogecoin']",Andrei Jikh 1,2021-02-22,2021-02-28,6,72569.0,5.8,0.13,1.47
32,2,15,UCGy7SkBjcIAgTiwkXEtPnYg,Andrei Jikh,27,7 Best Blockchain Stocks,ZOlNtEmaiTs,2021-02-19T23:15:36Z,264386,12739,214,3843,"['blockchain stocks', 'best stocks', 'bitcoin', 'how to buy bitcoin', 'cryptocurrency', 'crypto', 'robinhood', 'stock market', 'robinhood app', 'best trading app', 'stock market crash', 'stocks', 'passive income', 'dividend stocks', 'investing', 'investing for beginners', 'how to invest in stocks', 'best stock trading app', 'credit score', 'credit score explained', 'credit cards for beginners', 'double spend', 'webull', 'blockfi', 'apple bitcoin', 'mastercard bitcoin', 'ethereum', 'gemini', 'coinbase', 'RIOT stock', 'mara stock', 'canaan stock']",Andrei Jikh 2,2021-02-19,2021-02-28,9,29376.0,4.82,0.08,1.45
33,3,6,UCGy7SkBjcIAgTiwkXEtPnYg,Andrei Jikh,27,The Safest Way To Store Bitcoin (Step By Step),peSLM6ncHMw,2021-02-17T20:00:31Z,172839,10856,103,3500,"['bitcoin', 'ethereum', 'dogecoin', 'cardano', 'how to buy bitcoin', 'to how to store bitcoin', 'how to protect bitcoin', 'cold storage wallet', 'ledger nano x', 'ledger nano tutorial', 'blockchain tutorial', 'cryptocurrency', 'crypto', 'robinhood', 'stock market', 'robinhood app', 'best trading app', 'stock market crash', 'stocks', 'passive income', 'dividends', 'dividend stocks', 'investing', 'investing for beginners', 'how to invest in real estate', 'stock options', 'credit score', 'credit score explained', 'andrei jikh', 'crypto investing']",Andrei Jikh 3,2021-02-17,2021-02-28,11,15713.0,6.28,0.06,2.03
34,4,9,UCGy7SkBjcIAgTiwkXEtPnYg,Andrei Jikh,27,Apple &amp; MasterCard Buy Into Bitcoin (IT BEGINS),3lwLVHkLx8U,2021-02-15T23:17:08Z,334065,16901,338,4442,"['bitcoin', 'how to buy bitcoin', 'cryptocurrency', 'crypto', 'robinhood', 'stock market', 'robinhood app', 'best trading app', 'stock market crash', 'stocks', 'passive income', 'dividends', 'dividend stocks', 'investing', 'investing for beginners', 'how to invest in real estate', 'how to invest in stocks', 'stock options', 'best stock trading app', 'credit score', 'credit score explained', 'credit cards for beginners', 'real estate 101', 'double spend', 'webull', 'blockfi', 'apple bitcoin', 'mastercard bitcoin', 'ethereum', 'gemini', 'coinbase']",Andrei Jikh 4,2021-02-15,2021-02-28,13,25697.0,5.06,0.1,1.33
35,5,27,UCGy7SkBjcIAgTiwkXEtPnYg,Andrei Jikh,27,Weed Stocks To The Moon (WallStreetBets Is Back),hShRX-x8YBg,2021-02-12T23:15:08Z,278750,14541,312,2652,"['stocks', 'wallstreetbets', 'weed stocks', 'stock market', 'bitcoin', 'tesla bitcoin', 'dogecoin', 'gamestop', 'amc stock', 'robinhood', 'robinhood investing', 'how to buy bitcoin', 'cryptocurrency', 'crypto', 'robinhood app', 'best trading app', 'stock market crash', 'passive income', 'dividends', 'dividend stocks', 'investing', 'stock options', 'best stock trading app', 'credit score', 'andrei jikh', 'webull', 'td ameritrade', 'how to buy dogecoin', 'best stocks to buy now', 'best weed stocks', 'sndl stock', 'sundial growers', 'tilray stock']",Andrei Jikh 5,2021-02-12,2021-02-28,16,17422.0,5.22,0.11,0.95
36,6,28,UCGy7SkBjcIAgTiwkXEtPnYg,Andrei Jikh,27,Robinhood Just Responded To Us (CEO &amp; I Talk),SBJ9fBkb7WM,2021-02-08T23:15:11Z,240920,15530,1013,4119,"['robinhood', 'gamestop', 'amc stock', 'dogecoin', 'bitcoin', 'elon musk', 'tesla bitcoin', 'tesla buys bitcoin', 'elon buys bitcoin', 'wallstreetbets', 'robinhood investing', 'how to buy bitcoin', 'cryptocurrency', 'crypto', 'stock market', 'robinhood app', 'best trading app', 'stock market crash', 'stocks', 'passive income', 'dividends', 'dividend stocks', 'investing', 'stock options', 'best stock trading app', 'credit score', 'credit score explained', 'andrei jikh', 'webull', 'charles schwab', 'td ameritrade', 'how to buy dogecoin', 'tesla']",Andrei Jikh 6,2021-02-08,2021-02-28,20,12046.0,6.45,0.42,1.71
37,7,19,UCGy7SkBjcIAgTiwkXEtPnYg,Andrei Jikh,27,Tesla &amp; Elon Musk Buy Bitcoin - GAME OVER,KjO5tiZneEE,2021-02-08T17:22:00Z,489265,27569,422,4578,"['bitcoin', 'elon musk', 'tesla bitcoin', 'tesla buys bitcoin', 'elon buys bitcoin', 'dogecoin', 'wallstreetbets', 'gamestop', 'amc stock', 'robinhood', 'robinhood investing', 'how to buy bitcoin', 'cryptocurrency', 'crypto', 'stock market', 'robinhood app', 'best trading app', 'stock market crash', 'stocks', 'passive income', 'dividends', 'dividend stocks', 'investing', 'stock options', 'best stock trading app', 'credit score', 'credit score explained', 'andrei jikh', 'webull', 'charles schwab', 'td ameritrade', 'how to buy dogecoin', 'tesla']",Andrei Jikh 7,2021-02-08,2021-02-28,20,24463.0,5.63,0.09,0.94
38,8,17,UCGy7SkBjcIAgTiwkXEtPnYg,Andrei Jikh,27,DOGECOIN TO THE MOON | What You Need To Know,GZzP3aeCSuI,2021-02-01T23:15:07Z,981558,34977,967,6848,"['dogecoin', 'wallstreetbets', 'gamestop', 'amc stock', 'robinhood', 'robinhood investing', 'bitcoin', 'how to buy bitcoin', 'cryptocurrency', 'crypto', 'stock market', 'robinhood app', 'best trading app', 'stock market crash', 'stocks', 'passive income', 'dividends', 'dividend stocks', 'investing', 'investing for beginners', 'how to invest in real estate', 'stock options', 'best stock trading app', 'credit score', 'credit score explained', 'andrei jikh', 'webull', 'charles schwab', 'td ameritrade', 'how to buy dogecoin', 'dogecoin vs bitcoin']",Andrei Jikh 8,2021-02-01,2021-02-28,27,36354.0,3.56,0.1,0.7
39,9,18,UCGy7SkBjcIAgTiwkXEtPnYg,Andrei Jikh,27,The TRUTH About WallStreetBets,POgO3ys1CJ0,2021-01-29T14:00:18Z,612705,39767,1077,5479,"['wallstreetbets', 'gamestop', 'amc stock', 'hedge fund', 'robinhood', 'robinhood investing', 'bitcoin', 'how to buy bitcoin', 'cryptocurrency', 'crypto', 'stock market', 'robinhood app', 'best trading app', 'stock market crash', 'stocks', 'passive income', 'dividends', 'dividend stocks', 'investing', 'investing for beginners', 'how to invest in real estate', 'stock options', 'best stock trading app', 'credit score', 'credit score explained', 'credit cards for beginners', 'andrei jikh', 'webull', 'charles schwab', 'td ameritrade', 'dogecoin']",Andrei Jikh 9,2021-01-29,2021-02-28,30,20424.0,6.49,0.18,0.89
40,10,34,UCGy7SkBjcIAgTiwkXEtPnYg,Andrei Jikh,27,The End Of Bitcoin 2021,jFatO7dvDgY,2021-01-25T23:14:55Z,372721,20796,992,5272,"['bitcoin', 'how to buy bitcoin', 'cryptocurrency', 'crypto', 'robinhood', 'stock market', 'robinhood app', 'best trading app', 'stock market crash', 'stocks', 'passive income', 'dividends', 'dividend stocks', 'investing', 'investing for beginners', 'how to invest in real estate', 'how to invest in stocks', 'stock options', 'best stock trading app', 'how to be a millionaire', 'credit score', 'credit score explained', 'credit cards for beginners', 'real estate 101', 'andrei jikh', 'best investments', 'best investment', 'double spend']",Andrei Jikh 10,2021-01-25,2021-02-28,34,10962.0,5.58,0.27,1.41
41,11,35,UCGy7SkBjcIAgTiwkXEtPnYg,Andrei Jikh,27,The Best Stocks Of 2021,EsKX6tQqfEo,2021-01-22T23:14:53Z,349931,15219,459,3162,"['passive income', 'cryptocurrency', 'crypto', 'robinhood', 'stock market', 'robinhood app', 'best trading app', 'stocks', 'dividends', 'dividend stocks', 'investing', 'investing for beginners', 'how to invest in real estate', 'how to invest in stocks', 'stock options', 'best stock trading app', 'credit score', 'credit cards for beginners', 'real estate 101', 'andrei jikh', 'best investments', 'best investment', 'bitcoin vs ethereum', 'ethereum', 'blockfi', 'gemini', 'm1 finance', 'webull', 'how to become a millionaire', 'apple stock']",Andrei Jikh 11,2021-01-22,2021-02-28,37,9458.0,4.35,0.13,0.9
42,12,1,UCGy7SkBjcIAgTiwkXEtPnYg,Andrei Jikh,27,How I Became A Millionaire In 1 Year,n2gYhNyhffk,2021-01-18T23:14:46Z,1002620,57040,1685,8529,"['passive income', 'cryptocurrency', 'crypto', 'robinhood', 'stock market', 'robinhood app', 'best trading app', 'stocks', 'dividends', 'dividend stocks', 'investing', 'investing for beginners', 'how to invest in real estate', 'how to invest in stocks', 'stock options', 'best stock trading app', 'credit score', 'credit cards for beginners', 'real estate 101', 'andrei jikh', 'best investments', 'best investment', 'bitcoin vs ethereum', 'ethereum', 'blockfi', 'gemini', 'm1 finance', 'webull', 'how to become a millionaire', 'apple stock']",Andrei Jikh 12,2021-01-18,2021-02-28,41,24454.0,5.69,0.17,0.85
43,13,31,UCGy7SkBjcIAgTiwkXEtPnYg,Andrei Jikh,27,BITCOIN CRASH - My Response To Graham Stephan,OG4rmGkkegw,2021-01-11T23:15:12Z,239411,16103,313,3134,"['bitcoin', 'how to buy bitcoin', 'cryptocurrency', 'crypto', 'robinhood', 'stock market', 'robinhood app', 'best trading app', 'stocks', 'passive income', 'dividends', 'dividend stocks', 'investing', 'investing for beginners', 'how to invest in real estate', 'how to invest in stocks', 'best stock trading app', 'how to be a millionaire', 'credit score', 'credit score explained', 'credit cards for beginners', 'real estate 101', 'andrei jikh', 'best investments', 'best investment', 'bitcoin vs ethereum', 'ethereum', 'graham stephan']",Andrei Jikh 13,2021-01-11,2021-02-28,48,4988.0,6.73,0.13,1.31
44,14,3,UCGy7SkBjcIAgTiwkXEtPnYg,Andrei Jikh,27,Bitcoin Or Ethereum? | Which One Is Better,J5d3m5Y04MQ,2021-01-08T23:15:06Z,535717,30339,631,6166,"['bitcoin', 'how to buy bitcoin', 'cryptocurrency', 'crypto', 'robinhood', 'stock market', 'robinhood app', 'best trading app', 'stocks', 'passive income', 'dividends', 'dividend stocks', 'investing', 'investing for beginners', 'how to invest in real estate', 'how to invest in stocks', 'stock options', 'best stock trading app', 'how to be a millionaire', 'credit score', 'credit score explained', 'credit cards for beginners', 'real estate 101', 'andrei jikh', 'best investments', 'best investment', 'bitcoin vs ethereum', 'ethereum']",Andrei Jikh 14,2021-01-08,2021-02-28,51,10504.0,5.66,0.12,1.15
45,15,49,UCGy7SkBjcIAgTiwkXEtPnYg,Andrei Jikh,27,THE 2021 WAGE INCREASE (The Truth),5kKj5SFh5qA,2021-01-04T23:16:35Z,96208,5252,146,2141,"['stock market crash', 'stock market', 'stocks', 'passive income', 'dividends', 'dividend stocks', 'investing', 'investing for beginners', 'investing in your 20s', 'how to invest', 'how to invest in real estate', 'how to invest in stocks', 'stock market investing', 'stock options', 'robinhood', 'best stock trading app', 'how to be a millionaire', 'credit score', 'credit score explained', 'credit cards for beginners', 'real estate 101', 'andrei jikh', 'best investments', 'best investment', 'save money', 'live off dividends']",Andrei Jikh 15,2021-01-04,2021-02-28,55,1749.0,5.46,0.15,2.23
46,16,2,UCGy7SkBjcIAgTiwkXEtPnYg,Andrei Jikh,27,How To Buy Bitcoin SAFELY | Step By Step Guide,fAmdC64KKdM,2021-01-01T23:15:55Z,899716,50893,557,8086,"['bitcoin', 'how to buy bitcoin', 'cryptocurrency', 'crypto', 'robinhood', 'stock market', 'robinhood app', 'best trading app', 'stock market crash', 'stocks', 'passive income', 'dividends', 'dividend stocks', 'investing', 'investing for beginners', 'how to invest in real estate', 'how to invest in stocks', 'stock options', 'best stock trading app', 'how to be a millionaire', 'credit score', 'credit score explained', 'credit cards for beginners', 'real estate 101', 'andrei jikh', 'best investments', 'best investment']",Andrei Jikh 16,2021-01-01,2021-02-28,58,15512.0,5.66,0.06,0.9
47,17,13,UCGy7SkBjcIAgTiwkXEtPnYg,Andrei Jikh,27,How Much Money I Made In 2020,yO9uac1uqtM,2020-12-25T23:15:02Z,211756,18530,185,4438,"['how much I made with a million subscribers', 'how much youtube paid me', 'how much I make', 'andrei jikh net worth', 'how much does andrei jikh make', 'how to make money', 'how to become a millionaire', 'million subscribers', 'how to make money on youtube', 'how much do youtubers make', 'passive income', 'patreon', 'affiliate marketing', 'amazon affiliate program', 'make money online', 'make money on youtube', 'how to invest', 'robinhood', 'webull', 'how to make money online']",Andrei Jikh 17,2020-12-25,2021-02-28,65,3258.0,8.75,0.09,2.1
48,18,45,UCGy7SkBjcIAgTiwkXEtPnYg,Andrei Jikh,27,"Will Bitcoin Hit $400,000? | THE TRUTH",CvlQeTmRjM8,2020-12-18T23:15:06Z,347432,15997,451,4742,"['bitcoin', 'cryptocurrency', 'crypto', 'how to invest in bitcoin', 'robinhood', 'stock market', 'robinhood app', 'best trading app', 'stock market crash', 'stocks', 'passive income', 'dividends', 'dividend stocks', 'investing', 'investing for beginners', 'how to invest in real estate', 'how to invest in stocks', 'stock options', 'best stock trading app', 'how to be a millionaire', 'credit score', 'credit score explained', 'credit cards for beginners', 'real estate 101', 'andrei jikh', 'best investments', 'best investment']",Andrei Jikh 18,2020-12-18,2021-02-28,72,4825.0,4.6,0.13,1.36
49,19,32,UCGy7SkBjcIAgTiwkXEtPnYg,Andrei Jikh,27,How Much $ Invested To Live Off Dividends,UCj3Pqq0qnk,2020-12-07T23:15:00Z,529702,22943,431,3910,"['passive income', 'dividends', 'dividend stocks', 'investing', 'investing for beginners', 'investing in your 20s', 'how to invest', 'how to invest in real estate', 'how to invest in stocks', 'stock market investing', 'stock options', 'robinhood', 'robinhood app', 'best stock trading app', 'how to be a millionaire', 'credit score', 'credit score explained', 'credit cards for beginners', 'how to build wealth', 'real estate 101', 'andrei jikh', 'best investments', 'best investment', 'save money', 'live off dividends']",Andrei Jikh 19,2020-12-07,2021-02-28,83,6382.0,4.33,0.08,0.74
50,20,39,UCGy7SkBjcIAgTiwkXEtPnYg,Andrei Jikh,27,Do This Once You Save $1000 | 8 STEPS,8bcvHwR1efA,2020-11-30T23:16:18Z,365358,28172,299,2918,"['investing', 'investing for beginners', 'investing in your 20s', 'how to invest', 'how to invest in real estate', 'how to invest in stocks', 'stock market investing', 'stock options', 'robinhood', 'robinhood app', 'best stock trading app', 'how to be a millionaire', 'credit score', 'credit score explained', 'credit cards for beginners', 'passive income', 'how to build wealth', 'real estate 101', 'unemployment update', 'andrei jikh', 'best investments', 'investing 2021', 'best investment', 'save money']",Andrei Jikh 20,2020-11-30,2021-02-28,90,4060.0,7.71,0.08,0.8
51,21,48,UCGy7SkBjcIAgTiwkXEtPnYg,Andrei Jikh,27,LIVING ON $6 MILLION A YEAR - Reacting To Meet Kevin,HHiqjp97dU4,2020-11-23T22:59:59Z,155447,6642,179,1175,"['CNBC Make It', 'Make It', 'How To Make It', 'Entrepreneurs', 'Starting A Small Business', 'Business Success', 'Small Businesses', 'Finance Tips', 'Career Tips', 'Money Management', 'Career Management', 'Managing Business', 'living on 50k a year', 'living on 100k a year', 'living on 200k a year', 'money diaries', 'r29 money diaries', 'millennial money cnbc', 'meet kevin', 'investing for beginners', 'how to invest', 'andrei jikh', 'california', 'real estate']",Andrei Jikh 21,2020-11-23,2021-02-28,97,1603.0,4.27,0.12,0.76
52,22,23,UCGy7SkBjcIAgTiwkXEtPnYg,Andrei Jikh,27,"MY NEXT $100,000 INVESTMENT",_W6kKuAUUps,2020-11-20T23:15:11Z,169639,9040,200,3278,"['investing', 'investing for beginners', 'investing in your 20s', 'how to invest', 'how to invest in real estate', 'how to invest in stocks', 'stock market investing', 'stock options', 'robinhood', 'robinhood app', 'best stock trading app', 'how to be a millionaire', 'credit score', 'credit score explained', 'credit cards for beginners', 'passive income', 'how to build wealth', 'real estate 101', 'unemployment update', 'andrei jikh', 'best investments', 'investing 2021', 'best investment', 'my next investment']",Andrei Jikh 22,2020-11-20,2021-02-28,100,1696.0,5.33,0.12,1.93
53,23,36,UCGy7SkBjcIAgTiwkXEtPnYg,Andrei Jikh,27,My Top 3 Best Investments,tBGmMmAhgyM,2020-11-09T23:15:13Z,236184,12994,206,2515,"['investing', 'investing for beginners', 'investing in your 20s', 'how to invest', 'how to invest in real estate', 'how to invest in stocks', 'stock market investing', 'stock options', 'robinhood', 'robinhood app', 'best stock trading app', 'how to be a millionaire', 'credit score', 'credit score explained', 'credit cards for beginners', 'passive income', 'how to build wealth', 'real estate 101', 'unemployment update', 'andrei jikh', 'best investments', 'investing 2021']",Andrei Jikh 23,2020-11-09,2021-02-28,111,2128.0,5.5,0.09,1.06
54,24,22,UCGy7SkBjcIAgTiwkXEtPnYg,Andrei Jikh,27,Why Millennials Are About To Become The Richest Generation,o59zOzlF3xM,2020-10-26T22:15:10Z,284987,19551,385,3070,"['investing', 'investing for beginners', 'investing in your 20s', 'how to invest', 'how to invest in real estate', 'how to invest in stocks', 'stock market investing', 'stock market investing for beginners', 'stock options', 'robinhood', 'robinhood app', 'best stock trading app', 'how to be a millionaire', 'how to be a millionaire in 3 years', 'credit score', 'credit score explained', 'credit card', 'credit cards for beginners', 'passive income', 'how to build wealth', 'how to build wealth in your 20s', 'real estate 101']",Andrei Jikh 24,2020-10-26,2021-02-28,125,2280.0,6.86,0.14,1.08
55,25,46,UCGy7SkBjcIAgTiwkXEtPnYg,Andrei Jikh,27,My Reaction To Teslaâ€™s NEW Competitor | GMC Super Truck,G3_EJKhjTG8,2020-10-23T22:14:37Z,77730,3579,245,1270,"['how to invest', 'tesla', 'GMC', 'tesla stock', 'stocks to buy now', 'passive income', 'passive income 2020', 'robinhood', 'investing for beginners', 'stock market', 'real estate', 'hummer', 'gmc stock', 'reacting to', 'Tesla killer', 'andrei jikh', 'robinhood app', 'dividend investing', 'dividends', 'super truck']",Andrei Jikh 25,2020-10-23,2021-02-28,128,607.0,4.6,0.32,1.63
56,26,21,UCGy7SkBjcIAgTiwkXEtPnYg,Andrei Jikh,27,I Broke A Passive Income Record (Dividend Income),6x6yM2SqLhA,2020-10-16T21:59:31Z,252519,16380,182,2599,"['passive income', 'make money online', 'how to make passive income', 'passive income 2020', 'robinhood', 'investing for beginners', 'stock market', 'stocks to buy now', 'real estate']",Andrei Jikh 26,2020-10-16,2021-02-28,135,1871.0,6.49,0.07,1.03
57,27,20,UCGy7SkBjcIAgTiwkXEtPnYg,Andrei Jikh,27,The Problem With Dividend Investing (For Passive Income),nmEJSulqDr4,2020-09-25T22:15:44Z,417764,20151,403,2812,"['dividend investing', 'dividends', 'passive income', 'robinhood', 'dividend income', 'How to invest', 'Robinhood', 'dividend', 'stock market', 'how to be a millionaire', 'stocks to buy', 'best investment', 'investing for beginners', 'how to start investing', 'stocks for beginners', 'robinhood app', 'how to', 'invest', 'stocks', 'andrei jikh', 'Passive income', 'credit cards', 'how to invest in stocks', 'how to invest money', 'selling my stocks', 'how to invest in your future', 'how to invest in the stock market']",Andrei Jikh 27,2020-09-25,2021-02-28,156,2678.0,4.82,0.1,0.67
58,28,14,UCGy7SkBjcIAgTiwkXEtPnYg,Andrei Jikh,27,How To Analyze Stocks | Investing For Beginners,182-ht31lFs,2020-09-07T22:15:03Z,181008,11375,153,1731,"['stocks', 'stock market', 'best stocks', 'investing', 'passive income', 'robinhood', 'dividend investing', 'dividend stocks', 'how to invest', 'stock market for beginners', 'investing for beginners', 'stock market explained', 'investing in your 20s', 'how to invest in stocks', 'how to invest in real estate', 'stock market investing', 'credit score', 'credit card', 'robinhood app', 'andrei jikh', 'microsoft', 'tesla', 'apple', 'moderna', 'antero midstream', 'ibio', 'amazon', 'nio stock', 'top 10 stocks', 'most popular stocks']",Andrei Jikh 28,2020-09-07,2021-02-28,174,1040.0,6.28,0.08,0.96
59,29,44,UCGy7SkBjcIAgTiwkXEtPnYg,Andrei Jikh,27,10 Best Investments In 2020,Co7ih4M4AAg,2020-07-20T22:00:07Z,489369,22065,269,3702,"['best investments', 'top 10', 'stocks', 'stock market', 'best investments in 2020', 'How to invest', 'Robinhood', 'dividend', 'dividends', 'dividend investing', 'how to be a millionaire', 'recession 2020', 'stocks to buy', 'best investment', 'investing for beginners', 'how to start investing', 'stocks for beginners', 'robinhood app', 'how to', 'invest', 'andrei jikh', 'Passive income', 'credit cards', 'how to invest in stocks', 'how to invest money', 'selling my stocks', 'investing 101', 'how to make money online', 'cash flow']",Andrei Jikh 29,2020-07-20,2021-02-28,223,2194.0,4.51,0.05,0.76
60,0,4,UCV0qA-eDDICsRR9rPcnG7tw,Joma Tech,27,Why Microsoft Word is the best IDE for programming,X34ZmkeZDos,2021-02-10T03:13:29Z,631700,42810,3043,3257,"['joma', 'vlog']",Joma Tech 0,2021-02-10,2021-02-28,18,35094.0,6.78,0.48,0.52
61,1,42,UCV0qA-eDDICsRR9rPcnG7tw,Joma Tech,27,If Chess Was An Anime,qiE7VKRHSsA,2021-01-11T16:00:30Z,262365,19047,336,965,"['joma', 'vlog']",Joma Tech 1,2021-01-11,2021-02-28,48,5466.0,7.26,0.13,0.37
62,2,1,UCV0qA-eDDICsRR9rPcnG7tw,Joma Tech,27,why you NEED math for programming,sW9npZVpiMI,2021-01-06T01:05:51Z,1650924,116777,1441,4548,"['joma', 'vlog']",Joma Tech 2,2021-01-06,2021-02-28,53,31150.0,7.07,0.09,0.28
63,3,2,UCV0qA-eDDICsRR9rPcnG7tw,Joma Tech,27,My Ultimate Work From Home Desk Setup for Productivity,0oBi8OmjLIg,2020-10-25T15:30:01Z,813249,32428,916,2137,"['joma', 'vlog', 'desk setup', 'desk tour', 'home office setup', 'desk setup tour', 'setup tour', 'work from home', 'coding setup', 'software engineer']",Joma Tech 3,2020-10-25,2021-02-28,126,6454.0,3.99,0.11,0.26
64,4,0,UCV0qA-eDDICsRR9rPcnG7tw,Joma Tech,27,chill lofi beats to code/relax to,bmVKaAV_7-A,2020-10-07T03:46:15Z,2426803,57911,1208,0,"['joma', 'vlog']",Joma Tech 4,2020-10-07,2021-02-28,144,16853.0,2.39,0.05,0.0
65,5,29,UCV0qA-eDDICsRR9rPcnG7tw,Joma Tech,27,Programming Fundamentals with Python | JomaClass Trailer,Z0N7vqSgRBY,2020-08-31T17:50:34Z,268077,13578,1704,0,"['joma', 'vlog', 'jomaclass', 'python', 'programming', 'coding', 'python programming', 'python tutorial', 'learn python', 'python tutorial for beginners', 'python for beginners', 'python basics', 'programming tutorial']",Joma Tech 5,2020-08-31,2021-02-28,181,1481.0,5.06,0.64,0.0
66,6,14,UCV0qA-eDDICsRR9rPcnG7tw,Joma Tech,27,If Programming Was An Anime Part 2,OTfp2_SwxHk,2020-08-24T14:00:11Z,1393132,96129,1056,3739,"['joma', 'vlog', 'programming anime', 'software engineer', 'programming interview', 'phone interview', 'captain sinbad', 'coding interview', 'if programming was an anime', 'software engineer interview', 'computer science', 'software engineering']",Joma Tech 6,2020-08-24,2021-02-28,188,7410.0,6.9,0.08,0.27
67,7,34,UCV0qA-eDDICsRR9rPcnG7tw,Joma Tech,27,Coding a whole web app ONLY using my Phone.,0KmUoTfGa34,2020-04-13T14:00:00Z,1528029,61894,1920,4148,"['joma', 'vlog', 'phone', 'web app', 'coding', 'thumb', 'thumbnail', 'joma tech', 'nodejs', 'angularjs', 'javascript', 'software engineering']",Joma Tech 7,2020-04-13,2021-02-28,321,4760.0,4.05,0.13,0.27
68,8,26,UCV0qA-eDDICsRR9rPcnG7tw,Joma Tech,27,how coronavirus affects programmers in big tech companies,vT3GUKuAzIs,2020-03-09T23:00:07Z,2658600,71571,1270,1589,"['joma', 'vlog']",Joma Tech 8,2020-03-09,2021-02-28,356,7468.0,2.69,0.05,0.06
69,9,8,UCV0qA-eDDICsRR9rPcnG7tw,Joma Tech,27,If Programming Was An Anime,pKO9UjSeLew,2020-02-24T14:00:07Z,5754975,376222,5456,12886,"['joma', 'vlog', 'joma tech', 'programming', 'coding', 'leetcode', 'finding duplicate number', 'anime', 'programming anime', 'python', 'software engineer', 'junior engineer', 'senior engineer']",Joma Tech 9,2020-02-24,2021-02-28,370,15554.0,6.54,0.09,0.22
70,10,6,UCV0qA-eDDICsRR9rPcnG7tw,Joma Tech,27,how we write/review code in big tech companies,rR4n-0KYeKQ,2020-02-10T14:00:07Z,5142816,148076,2120,3618,"['joma', 'vlog', 'software engineer', 'code review', 'pull request', 'joma tech', 'junior engineer', 'senior engineer', 'programming', 'coding', 'LGTM']",Joma Tech 10,2020-02-10,2021-02-28,384,13393.0,2.88,0.04,0.07
71,11,13,UCV0qA-eDDICsRR9rPcnG7tw,Joma Tech,27,I Got Rejected By A 22-Year Old CEO,HTXTVfBCeSY,2020-01-27T14:00:04Z,1658796,36743,1347,1406,"['joma', 'vlog', 'scale', 'scala ai', 'scaleapi', 'startup', 'alexandr wang', '22 year old CEO', 'interview', 'software engineering', 'software engineer', 'software interview', 'coding interview', 'coding project']",Joma Tech 11,2020-01-27,2021-02-28,398,4168.0,2.22,0.08,0.08
72,12,18,UCV0qA-eDDICsRR9rPcnG7tw,Joma Tech,27,Can you solve my favorite interview question? (math + cs),pvimAM_SLic,2020-01-15T14:00:18Z,948473,33163,987,1453,"['joma', 'vlog', 'joma tech', 'interview', 'coding', 'math', 'statistics', 'monte carlo', 'programming', 'coding interview', 'brain teaser', 'math puzzle', 'interview question', 'problem solving', 'programming interview']",Joma Tech 12,2020-01-15,2021-02-28,410,2313.0,3.5,0.1,0.15
73,13,43,UCV0qA-eDDICsRR9rPcnG7tw,Joma Tech,27,If American Psycho were about Programmers,uHt01D6rOLI,2019-12-12T20:14:51Z,1244386,54773,1152,1809,"['joma', 'vlog', 'captain sinbad', 'american psycho', 'programmer', 'keyboard', 'mechanical keyboards', 'christian bale', 'patrick bateman', 'software engineer', 'patagonia', 'engineers', 'silicon valley']",Joma Tech 13,2019-12-12,2021-02-28,444,2803.0,4.4,0.09,0.15
74,14,21,UCV0qA-eDDICsRR9rPcnG7tw,Joma Tech,27,Interview With My Brother Who Sold His Startup For $60 Million | Machine Learning Engineer,fB7nyxXaczY,2019-10-16T14:00:07Z,940337,17409,332,924,"['joma', 'vlog', 'machine learning', 'deep learning', 'data science', 'artificial intelligence', 'machine learning engineer', 'machine learning models', 'startup', 'appfolio', 'software engineer']",Joma Tech 14,2019-10-16,2021-02-28,501,1877.0,1.85,0.04,0.1
75,15,19,UCV0qA-eDDICsRR9rPcnG7tw,Joma Tech,27,All My Job Offers In Tech,rtuKId76DZI,2019-08-29T20:29:24Z,316213,7270,374,474,"['joma', 'vlog', 'software engineer', 'job offer', 'highest paying jobs', 'internship', 'software engineering internship', 'uwaterloo', 'university of waterloo', 'cali or bust', 'university of waterloo engineering', 'university of waterloo computer science', 'computer science', 'programming', 'coding', 'software engineering internship tips', 'computer science jobs', 'computer science degree']",Joma Tech 15,2019-08-29,2021-02-28,549,576.0,2.3,0.12,0.15
76,16,25,UCV0qA-eDDICsRR9rPcnG7tw,Joma Tech,27,Interview with a Competitive Programmer,F4rykKLcduI,2019-08-22T15:15:54Z,725934,17158,345,844,"['joma', 'vlog', 'coding interview', 'competitive programming', 'gaurav sen', 'programming interview', 'computer science', 'problem solving', 'software engineer', 'google interview', 'dynamic programming', 'programming interview question and answer', 'coding interview question and answer', 'interview preparation', 'software development', 'coding problem', 'programming contest', 'coding interview problems', 'joma tech', 'silicon valley']",Joma Tech 16,2019-08-22,2021-02-28,556,1306.0,2.36,0.05,0.12
77,17,3,UCV0qA-eDDICsRR9rPcnG7tw,Joma Tech,27,How I Spend My $250K Software Engineer Income,K7s1IYVfvSA,2019-08-05T14:00:04Z,1084185,25230,2167,1772,"['joma', 'vlog', 'software engineer', 'coding', 'google', 'facebook', 'netflix', 'amazon', 'spending money', 'investment', 'finance', 'finances', 'financial advice', 'money', 'salary', 'salaries', 'money tour', 'money tours', 'everything spent money on', 'money diaries', 'getting paid', 'honest accounts', 'honest account', 'software engineering', 'data science']",Joma Tech 17,2019-08-05,2021-02-28,573,1892.0,2.33,0.2,0.16
78,18,22,UCV0qA-eDDICsRR9rPcnG7tw,Joma Tech,27,i finally got a software engineering job,uxRf7KS3abo,2019-06-20T14:00:08Z,669029,19946,503,1552,"['joma', 'vlog', 'software engineer', 'computer science', 'how to get a programming job', 'software engineer interview', 'software development', 'coding', 'leetcoding', 'programming', 'coding interview']",Joma Tech 18,2019-06-20,2021-02-28,619,1081.0,2.98,0.08,0.23
79,19,35,UCV0qA-eDDICsRR9rPcnG7tw,Joma Tech,27,Top 3 Programming Languages to Learn in 2019,Pb3AAfz5Yjg,2019-06-14T13:00:07Z,766649,27809,565,1654,"['joma', 'vlog', 'top programming languages', 'top programming languages 2019', 'top programming languages 2018', 'top programming languages 2017', 'programming language', 'programming languages 2019', 'software development', 'which programming language to learn', 'best programming language', 'programming languages', 'learn programming', 'most in demand programming languages 2019', 'top 3 programming languages 2019', 'top 5 programming language 2019', 'joma tech']",Joma Tech 19,2019-06-14,2021-02-28,625,1227.0,3.63,0.07,0.22
80,20,46,UCV0qA-eDDICsRR9rPcnG7tw,Joma Tech,27,He Got A $277K Google Offer by Lying!,9yUgUsAJ6nc,2019-06-07T14:44:08Z,321330,8134,796,507,"['joma', 'vlog', 'google', 'software engineer', 'google engineer', 'joma tech', 'software engineer interview', 'google interview', 'software engineering salary']",Joma Tech 20,2019-06-07,2021-02-28,632,508.0,2.53,0.25,0.16
81,21,15,UCV0qA-eDDICsRR9rPcnG7tw,Joma Tech,27,Silicon Valley Apartment Tour: $4600/Month (ft. Elliot Choy x Arpi Park),_ybAyWUr3gI,2019-05-30T02:04:07Z,413204,7450,1312,588,"['joma', 'vlog', 'joma tech', 'apartment tour', 'silicon valley', 'silicon valley apartment', 'san francisco', 'software engineer', 'elliot choy', 'arpi park']",Joma Tech 21,2019-05-30,2021-02-28,640,646.0,1.8,0.32,0.14
82,22,10,UCV0qA-eDDICsRR9rPcnG7tw,Joma Tech,22,The Truth About Programming,LLyd-bqLnu8,2019-05-08T00:45:38Z,325265,17021,993,745,"['joma', 'vlog', 'programming', 'the truth about programming', 'call for code', 'ibm', 'software engineer', 'coding', 'code']",Joma Tech 22,2019-05-08,2021-02-28,662,491.0,5.23,0.31,0.23
83,23,5,UCV0qA-eDDICsRR9rPcnG7tw,Joma Tech,22,coding is hard...,uBaU-n77B2Q,2019-05-01T00:10:03Z,445942,16378,1337,1110,"['joma', 'vlog', 'coding', 'coding is hard', 'software engineering', 'programming', 'leetcode']",Joma Tech 23,2019-05-01,2021-02-28,669,667.0,3.67,0.3,0.25
84,24,31,UCV0qA-eDDICsRR9rPcnG7tw,Joma Tech,22,Why I left my Data Science Job at FANG (Facebook Amazon Netflix Google),M5v1nXiUaOI,2019-04-12T01:44:41Z,930813,18867,1175,1322,"['joma', 'vlog', 'FANG', 'Facebook', 'Amazon', 'Netflix', 'Google', 'Why I left data science', 'data science', 'software engineer', 'joma tech', 'blind', 'product manager', 'software engineering', 'data scientist']",Joma Tech 24,2019-04-12,2021-02-28,688,1353.0,2.03,0.13,0.14
85,25,45,UCV0qA-eDDICsRR9rPcnG7tw,Joma Tech,22,"Interviewing at Google, Uber, Snap and Negotiating to a $300k Job Offer",0CxSvqyEjNE,2019-04-05T01:11:37Z,309560,5590,277,384,"['joma', 'vlog', 'joma tech', 'cyrus', 'cyrus xi', 'Google', 'uber', 'snap', 'snapchat', 'negotiating salary', 'software engineering', 'software developer', '300k', 'software engineering salary', 'negotiating salary offer', 'negotiating salary new job']",Joma Tech 25,2019-04-05,2021-02-28,695,445.0,1.81,0.09,0.12
86,26,23,UCV0qA-eDDICsRR9rPcnG7tw,Joma Tech,22,Guy with 2.9 GPA now makes $300k as a SWE (Software Engineer),YGflHj1SjA4,2019-03-30T23:55:19Z,650429,12689,683,888,"['joma', 'vlog', 'software engineer', 'swe', 'software interview', 'google', 'uber', 'snapchat', 'snap', 'joma tech', 'software engineering salary', 'software engineer interview', 'FANG']",Joma Tech 26,2019-03-30,2021-02-28,701,928.0,1.95,0.11,0.14
87,27,41,UCV0qA-eDDICsRR9rPcnG7tw,Joma Tech,22,why I stopped making youtube videos,hQ_OP8h_9dQ,2019-03-26T19:24:33Z,181418,7893,178,1124,"['joma', 'youtube', 'joma tech', 'why i stopped making youtube videos', 'why i quit youtube']",Joma Tech 27,2019-03-26,2021-02-28,705,257.0,4.35,0.1,0.62
88,28,44,UCV0qA-eDDICsRR9rPcnG7tw,Joma Tech,22,Interview with Ex-Citadel Quant Turned Rapper (ft. Kaido Kid),ivvWyIscEt0,2018-08-09T16:00:05Z,329031,6108,284,553,"['joma', 'vlog', 'interview', 'quant', 'citadel', 'kaido kid', 'quantitative finance', 'two sigma', 'jump trading', 'joma tech', 'interview with a quant', 'rapper']",Joma Tech 28,2018-08-09,2021-02-28,934,352.0,1.86,0.09,0.17
89,29,32,UCV0qA-eDDICsRR9rPcnG7tw,Joma Tech,22,Learning How To Code to Build My Startup,tgOLVIiI8WY,2018-08-02T16:00:05Z,239113,9131,315,744,"['joma', 'vlog', 'techlead', 'the techlead', 'google', 'google software engineer', 'startup', 'startup ep 07', 'ep 07', 'startup 7', 'joma tech', 'software engineer', 'joma startup']",Joma Tech 29,2018-08-02,2021-02-28,941,254.0,3.82,0.13,0.31
90,0,4,UCoOae5nYA7VqaXzerajD0lg,Ali Abdaal,27,I Wasted the Last 6 Months of My Life...,BCWfXWVVsKo,2021-02-24T18:23:48Z,222565,10442,209,1351,"['Ali Abdaal', 'Ali abdal', 'book writing', 'writing a book', 'author productivity', 'writer productivity', 'the process of book writing', 'how to write a book', 'dealing with doubt', 'book publishers', 'how does publishing work', 'book publishing', 'steps to writing a book', 'how to write a book and publish it', 'writing a book for the first time', 'how to write a book for beginners', 'how to write a book for publishing', 'how to start writing a book', 'writing', 'writing tips', 'how to write a book guide']",Ali Abdaal 0,2021-02-24,2021-02-28,4,55641.0,4.69,0.09,0.61
91,1,18,UCoOae5nYA7VqaXzerajD0lg,Ali Abdaal,27,I Slept With My Mouth Taped Shut for 30 Days,nl8LQrbMdqQ,2021-02-21T17:49:20Z,202202,7931,325,1378,"['Ali Abdaal', 'Ali abdal', 'mouth taped shut', 'how to stop snoring', 'how to stop dry mouth', 'sleeping with mouth tape', 'sleeping with tape on mouth', 'mouth taped sleeping', 'sleeping with somnifix tape', 'somnifix mouth tape review', 'how to sleep better', 'nose breathing', 'stop snoring', 'snoring', 'mouth tape', 'mouth breathing', 'junior doctor', 'mouth taping', 'nose breathing vs mouth breathing', 'mouth taping results', 'somnifix mouth tape', 'mouth taping for sleep', 'mouth taping for optimal sleep']",Ali Abdaal 1,2021-02-21,2021-02-28,7,28886.0,3.92,0.16,0.68
92,2,9,UCoOae5nYA7VqaXzerajD0lg,Ali Abdaal,27,My INSANELY PRODUCTIVE Valentine&#39;s Day,5FgvGQXfV10,2021-02-18T16:36:59Z,302819,14696,439,1746,"['Ali Abdaal', 'Ali abdal', ""valentine's day vlog"", ""single on valentine's day"", 'productive daily routine', 'productive day', 'ali abdaal vlog', 'day in the life', 'productivity 2020', 'doctor day in the life', 'day in the life of a youtuber', 'a day in the life', 'junior doctor', 'day in the life vlog', 'junior doctor vlog', 'day in the life of a doctor', 'the junior doctor', 'junior doctor uk', 'ali abdaal leaving medicine', 'productive day in my life', 'junior doctor life', 'life as a doctor']",Ali Abdaal 2,2021-02-18,2021-02-28,10,30282.0,4.85,0.14,0.58
93,3,48,UCoOae5nYA7VqaXzerajD0lg,Ali Abdaal,27,The Book That MOST Changed My Life,nk_Pfxmqn6g,2021-02-14T18:29:03Z,218687,10223,135,817,"['Ali Abdaal', 'Ali abdal', 'four hour workweek', '4 hour workweek', '4 hour work week', 'four hour work week', '4hww', 'tim ferriss 4 hour work week', 'the four hour work week', 'the 4 hour work week', 'the 4 hour work week review', '4 hour work week review', '4 hour work week summary', 'the 4 hour work week summary', 'the 4-hour workweek', 'entrepreneur', '4 hour work week tim ferriss', '4 hour work week success story', '4 hour work week scam', 'the 4 hour work week book', 'the 4 hour workweek by tim ferriss']",Ali Abdaal 3,2021-02-14,2021-02-28,14,15620.0,4.67,0.06,0.37
94,4,17,UCoOae5nYA7VqaXzerajD0lg,Ali Abdaal,27,21 Tips for My 18-Year-Old Self,W3CDMcWlPyM,2021-02-10T18:30:03Z,293015,20786,128,1482,"['Ali Abdaal', 'Ali abdal', 'tips for my younger self', 'tips for my 18 year old self', 'advice for my younger self', 'advice for an 18 year old', 'advice for students', 'advice for young people', 'ultimate advice for students', 'motivation', 'advice for college students', 'tips for college students', 'advice for young students', 'student motivation', 'success in life', 'study', 'ali abdaal vlog', 'studytube', 'success', 'study tips', 'student', 'how to study for exams', 'how to succeed in life', 'how to study effectively']",Ali Abdaal 4,2021-02-10,2021-02-28,18,16279.0,7.09,0.04,0.51
95,5,34,UCoOae5nYA7VqaXzerajD0lg,Ali Abdaal,27,The Most PRODUCTIVE Desk Setups on YouTube,cs7TCNDQy1E,2021-01-27T18:56:32Z,235660,9502,197,1187,"['Ali Abdaal', 'Ali abdal', 'productive desk setups', 'productive desk', 'desk setups', ""matt d'avella"", 'thomas frank', 'productive desk setup', 'home office setup', 'minimal desk setup', 'productivity desk setup', 'productivity', 'desk tour', 'desk setup 2020', 'productivity desk tour', 'desk tour 2021', 'desk setup tour', 'productivity room', 'productivity desk 2021', 'work from home setup', 'desk setup ideas', 'desk setup productivity', 'desk setup tour 2021', 'home office tour', 'home office']",Ali Abdaal 5,2021-01-27,2021-02-28,32,7364.0,4.03,0.08,0.5
96,6,30,UCoOae5nYA7VqaXzerajD0lg,Ali Abdaal,27,A RIDICULOUSLY Productive Day in my Life,KMskdqtR1yA,2021-01-20T17:43:15Z,211190,10634,278,1381,"['Ali Abdaal', 'Ali abdal', 'day in the life vlog', 'playstation 5 unboxing', 'playstation 5', 'productivity', 'day in the life', 'junior doctor', 'ali abdaal leaving medicine', 'ali abdaal youtube', 'ali abdaal kindle', 'ali abdaal roommate', 'ali abdaal book', 'ali abdaal vlog', 'ali abdaal books', 'ali abdaal ipad', 'day in the life of a doctor', 'productivity tips', 'doctor day in the life', 'productivity 2020', 'junior doctor vlog', 'productivity apps', 'increase productivity', 'how to be productive']",Ali Abdaal 6,2021-01-20,2021-02-28,39,5415.0,5.04,0.13,0.65
97,7,3,UCoOae5nYA7VqaXzerajD0lg,Ali Abdaal,27,My Productivity Desk Setup (2021),5791L8VEHZw,2021-01-14T17:46:21Z,674067,21379,506,1640,"['Ali Abdaal', 'Ali abdal', 'productivity desk setup', 'clean desk setup', 'techie desk setup', 'desk organization', 'desk makeover', 'productivity desk tour', 'workspace setup', 'workspace tour', 'productive workspace', 'productive desk setup', 'ugmonk', 'desk tour 2021', 'desk setup 2021', 'productivity desk 2021', 'productivity desk 2020', 'productivity room', 'room tour', 'home office setup', 'desk tour', 'desk setup', 'small home office', 'home office tour', 'minimal desk setup', 'desk setup 2020', 'home office design']",Ali Abdaal 7,2021-01-14,2021-02-28,45,14979.0,3.17,0.08,0.24
98,8,45,UCoOae5nYA7VqaXzerajD0lg,Ali Abdaal,27,I WAS WRONG - How I Set Goals for the New Year,0rkRC728rIU,2020-12-31T18:00:01Z,352631,19027,199,1011,"['Ali Abdaal', 'Ali abdal', 'how to set goals', 'goals', 'new years resolutions', 'how to actually set goals', 'how to set new years resolutions', 'how to reach goals', 'the importance of goals', 'why goals matter', 'do goals matter?', '2020 goals', '2021 goals', '2021', 'productive goals', 'targets', 'systems thinking', 'goals 2021']",Ali Abdaal 8,2020-12-31,2021-02-28,59,5977.0,5.4,0.06,0.29
99,9,2,UCoOae5nYA7VqaXzerajD0lg,Ali Abdaal,27,How Much I Earned in 2020 - My Best Year Ever,VTTp5A-rSdc,2020-12-28T15:58:20Z,613991,39498,552,8626,"['Ali Abdaal', 'Ali abdal', 'how much money i make', 'how much money I made', 'youtuber money', 'youtube money', 'doctor salary uk', 'how much do youtubers make', 'how much money youtubers make', 'how much does ali abdaal make', 'ali abdaal net worth', 'how much money 2020', 'online business', 'how much money i make on youtube', 'how to make money on youtube', 'how much money do youtubers make', 'ali abdaal vlog', 'how much money i made on youtube', 'how much does youtube pay', 'how much do small youtubers make']",Ali Abdaal 9,2020-12-28,2021-02-28,62,9903.0,6.43,0.09,1.4
100,10,11,UCoOae5nYA7VqaXzerajD0lg,Ali Abdaal,22,My INSANELY Productive Christmas Day,9s7AXw7o76Q,2020-12-26T18:00:02Z,310577,18436,637,1954,"['Ali Abdaal', 'Ali abdal', 'christmas', 'christmas vlog 2020', 'christmas morning routine', 'how to be productive', 'productive morning routine', 'day in my life', 'morning routines', 'christmas day', 'productive christmas']",Ali Abdaal 10,2020-12-26,2021-02-28,64,4853.0,5.94,0.21,0.63
101,11,14,UCoOae5nYA7VqaXzerajD0lg,Ali Abdaal,27,15 Books To Read In 2021,w47z_wz6XBA,2020-12-24T16:00:16Z,276494,12299,100,630,"['Ali Abdaal', 'Ali abdal']",Ali Abdaal 11,2020-12-24,2021-02-28,66,4189.0,4.45,0.04,0.23
102,12,22,UCoOae5nYA7VqaXzerajD0lg,Ali Abdaal,27,20 Lessons that Improved My Life,WQWiLZ1M6xw,2020-12-20T15:36:00Z,272236,12379,168,864,"['Ali Abdaal', 'Ali abdal', '2020 life lessons', 'top 10 life lessons', 'life lessons stories', 'life lessons for success', ""top life lessons i've learned"", ""life lessons i've learned"", 'life lessons from youtubers', 'life lessons from a doctor', 'productivity tips', 'productivity life lessons', 'life lessons', 'time management', 'motivational video', 'day in the life', 'time management tips', 'be more productive', 'how to be happier', 'life lessons for happiness', 'how to be happier and more positive', 'be happier']",Ali Abdaal 12,2020-12-20,2021-02-28,70,3889.0,4.55,0.06,0.32
103,13,39,UCoOae5nYA7VqaXzerajD0lg,Ali Abdaal,27,"Love, Money and Relationships - Answering your Assumptions",ZJto0cpF3XU,2020-12-13T17:50:57Z,219799,7760,177,916,"['Ali Abdaal', 'Ali abdal', 'q&a', 'personal questions', 'answering questions', 'personal questions in english', 'ali abdaal money', 'ali abdaal girlfriend', 'answering very personal questions', 'ali abdaal vlog', 'answering personal questions', 'doctor q&a', 'junior doctor', 'ali abdaal leaving medicine', 'ali abdaal youtube', 'day in the life', 'ali abdaal assumptions', 'who is ali abdaal', 'ali abdaal personal life', 'ali abdaal personal q&a']",Ali Abdaal 13,2020-12-13,2021-02-28,77,2855.0,3.53,0.08,0.42
104,14,24,UCoOae5nYA7VqaXzerajD0lg,Ali Abdaal,27,Productivity Powerhouse - NEW iPad Air (2020) Review,mSTWHQ5NDIg,2020-11-26T17:00:14Z,328108,8686,262,811,"['Ali Abdaal', 'Ali abdal', 'ipad air 4 review', 'ipad 2020', 'apple ipad 2020 review', 'ipad air review', 'ipad air 2020 review', 'ipad air vs ipad pro', 'ipad air 2020', 'ipad air', 'ipad air 4', 'ali abdaal vlog', 'ipad pro', '2020 ipad air review', '2020 ipad air', 'apple ipad air 4', 'new ipad air', 'apple', 'ipad', 'apple ipad 2020', 'apple ipad', 'ipad air 4 2020', 'ipad pro 2020', 'ipad air 4 vs ipad pro', 'new ipad', 'apple ipad air', 'ipad pro vs ipad air', 'ipad air unboxing', 'apple pencil', 'ipad air 4th gen']",Ali Abdaal 14,2020-11-26,2021-02-28,94,3491.0,2.65,0.08,0.25
105,15,13,UCoOae5nYA7VqaXzerajD0lg,Ali Abdaal,27,A &quot;Productive&quot; Day in my Life (Lockdown),5sKPaDmcJH0,2020-11-24T18:00:02Z,290691,11423,308,1020,"['Ali Abdaal', 'Ali abdal', 'day in the life vlog', 'playstation 5 unboxing', 'playstation 5', 'productivity', 'day in the life', 'junior doctor', 'ali abdaal leaving medicine', 'ali abdaal youtube', 'ali abdaal kindle', 'ali abdaal roommate', 'ali abdaal book', 'ali abdaal vlog', 'ali abdaal books', 'ali abdaal ipad', 'day in the life of a doctor', 'productivity tips', 'doctor day in the life', 'productivity 2020', 'junior doctor vlog', 'productivity apps', 'increase productivity', 'how to be productive']",Ali Abdaal 15,2020-11-24,2021-02-28,96,3028.0,3.93,0.11,0.35
106,16,21,UCoOae5nYA7VqaXzerajD0lg,Ali Abdaal,27,My PRODUCTIVE Apartment Tour (2021),5wDfRwAmIVY,2020-11-22T18:31:55Z,375538,12825,318,1700,"['Ali Abdaal', 'Ali abdal', 'apartment tour', 'cribs', 'doctor apartment', 'house setup', 'productivity desk setup', 'interior design', 'bachelor pad', 'apartment decoration', 'displate', 'yamaha', 'apartment design', 'apartment setup', 'apartment design ideas', 'small apartment tour', 'apartment tour 2020', 'home decor', 'ali abdaal vlog', 'interior designer', 'interior design tips', 'apartment tour 2019', 'desk setup', 'home tour', 'apartment decorating ideas', 'desk tour', 'desk setup tour', 'small apartment decorating']",Ali Abdaal 16,2020-11-22,2021-02-28,98,3832.0,3.42,0.08,0.45
107,17,47,UCoOae5nYA7VqaXzerajD0lg,Ali Abdaal,27,A Productive Day on Vacation in the Canary Islands,uGB2z2IZS0I,2020-11-11T17:29:11Z,131308,5983,257,801,"['Ali Abdaal', 'Ali abdal', 'productivity', 'tenerife', 'vacation', 'ali on vacation', 'canary island', 'canary islands vlog', 'tenerife vlog', 'being productive', 'productivity tips', 'canary islands', 'productivity hacks', 'productivity 2020', 'ali abdaal vlog', 'productivity tricks', 'productivity apps', 'productivity habits', 'productivity tips and tricks', 'tenerife travel vlog', 'tenerife travel guide', 'productivity tips for students', 'be more productive', 'productivity tips at work', 'how to get more done']",Ali Abdaal 17,2020-11-11,2021-02-28,109,1205.0,4.56,0.2,0.61
108,18,25,UCoOae5nYA7VqaXzerajD0lg,Ali Abdaal,27,The 5 Key Principles of Productivity,gtRqbbiWU30,2020-10-21T19:01:54Z,257809,11298,159,584,"['Ali Abdaal', 'productivity tips', 'getting things done', 'productivity', 'gtd david allen', 'getting things done david allen', 'productivity apps', 'increase productivity', 'productivity hacks', 'david allen getting things done', 'productivity 2020', 'how to be productive', 'how to be more productive', 'productivity tips and tricks', 'productivity habits', 'getting things done book summary', 'how to increase productivity', 'getting things done by david allen', 'getting things done review', 'productivity tricks']",Ali Abdaal 18,2020-10-21,2021-02-28,130,1983.0,4.38,0.06,0.23
109,19,32,UCoOae5nYA7VqaXzerajD0lg,Ali Abdaal,27,How I Bought a Brand New Tesla Half Price,HJyrY3bRTn4,2020-10-18T16:00:04Z,467390,16832,708,1291,"['Ali Abdaal', 'Ali abdal', 'how i bought a tesla', 'tesla model 3 review', 'tesla half price', 'tesla discount', 'how to buy a tesla', 'owning a tesla', 'owning tesla', 'tesla model 3 2020', 'how to get a tesla', ""what it's like having a tesla"", 'financial tesla', 'tesla model 3 performance', 'tesla model 3 interior', '2020 tesla model 3', 'new tesla model 3 review', 'electric car', 'tesla review', 'ali abdaal vlog', 'tesla', 'model 3', 'model 3 review', 'tesla model 3 price', 'new tesla', 'tesla 3', '2020 model 3']",Ali Abdaal 19,2020-10-18,2021-02-28,133,3514.0,3.6,0.15,0.28
110,20,10,UCoOae5nYA7VqaXzerajD0lg,Ali Abdaal,27,How I Started Investing in the Stock Market,gFQNPmLKj1k,2020-10-11T17:16:19Z,805298,44813,414,5768,"['Ali Abdaal', 'Ali abdal', 'how to get started with investing', 'how to invest', 'stock market', 'get started with stock market', 'how to invest money', 'how to invest in stocks', 'online brokers', 'S&P 500', 'S&P 500 explained', 'index funds', 'how to invest in index funds', '401k', 'financial terms explained', 'investing explained', 'how to invest money in stock market', 'how to invest in 2020', 'investing in the stock market', 'stock market investing', 'stock market for beginners', 'index funds for beginners']",Ali Abdaal 20,2020-10-11,2021-02-28,140,5752.0,5.56,0.05,0.72
111,21,8,UCoOae5nYA7VqaXzerajD0lg,Ali Abdaal,27,How I Remember Everything I Read,AjoxkxM_I5g,2020-10-08T15:44:17Z,910873,42241,836,1838,"['Ali Abdaal', 'Ali abdal', 'how to take notes', 'how to take book notes', 'how to remember what you read', 'how to take efficient notes', 'taking notes with notion', 'ali abdaal vlog', 'note taking', 'how i take notes', 'how to take notes from a textbook', 'note taking techniques', 'effective note taking', 'note taking methods', 'efficient note taking', 'notion for note taking', 'notion tutorial', 'notion setup', 'notion templates', 'how to use notion', 'notion tutorials', 'note taking tips', 'notion app']",Ali Abdaal 21,2020-10-08,2021-02-28,143,6370.0,4.64,0.09,0.2
112,22,27,UCoOae5nYA7VqaXzerajD0lg,Ali Abdaal,27,My BIGGEST Rejections in Life,qwywV8VhMkA,2020-10-04T17:00:09Z,295704,14581,263,1156,"['Ali Abdaal', 'Ali abdal', 'failures', 'rejections', 'life leasons', ""things i've learned"", 'things ive learned', 'life lessons after failure', 'overcoming failure', 'overcoming rejection', 'motivation', 'failure motivation', 'motivational video', 'ali abdaal vlog', 'powerful motivational video', 'failure motivational video', 'inspirational video', 'success', 'learning from failure', 'learning from rejection', 'failure stories', 'motivational stories', 'business motivation', 'how to get over failure', 'overcoming fear']",Ali Abdaal 22,2020-10-04,2021-02-28,147,2012.0,4.93,0.09,0.39
113,23,28,UCoOae5nYA7VqaXzerajD0lg,Ali Abdaal,27,How to see opportunities in EVERYTHING // The Obstacle is the Way,HJgnBktX5_0,2020-09-29T18:00:01Z,121110,5645,55,334,"['Ali Abdaal', 'Ali abdal', 'Obstacle is the way', 'Book', 'Book club', 'Ryan Holiday', 'Stoicism', 'marcus aurelius', 'adversity to advantage', 'how to find opportunities', 'perception', 'action', 'will', 'stoic philosophy', 'thomas edison', 'nick saban']",Ali Abdaal 23,2020-09-29,2021-02-28,152,797.0,4.66,0.05,0.28
114,24,26,UCoOae5nYA7VqaXzerajD0lg,Ali Abdaal,27,The 5 Magical Apps That Changed My Life,lhpY1frNqdA,2020-09-18T16:30:02Z,595128,22272,472,1326,"['Ali Abdaal', 'Ali abdal', 'apps that changed my life', 'life changing apps', 'best apps for podcasts', 'best apps for reading', 'ali abdaal books', 'productivity', 'notion setup', 'how to use notion', 'notion for productivity', 'notion tutorial', 'notion app', 'productivity 2020', 'notion productivity', 'notion apps', 'notion app setup', 'notion app tutorial', 'notion setup 2020', 'my notion setup', 'building a second brain', 'second brain notion', 'tiago forte second brain']",Ali Abdaal 24,2020-09-18,2021-02-28,163,3651.0,3.74,0.08,0.22
115,25,6,UCoOae5nYA7VqaXzerajD0lg,Ali Abdaal,27,The Second Brain - A Life-Changing Productivity System,OP3dA2GcAh8,2020-08-20T18:00:04Z,485881,19658,268,715,"['Ali Abdaal', 'Ali abdal', 'building a second brain', 'tiago forte building a second brain', 'tiago forte', 'tiago forte second brain', 'evernote', 'second brain', 'productivity', 'forte labs', 'ali abdaal vlog', 'building a second brain notion', 'knowledge management', 'tiago forte evernote', 'how to build a second brain', 'courses second brain', 'what is a second brain', 'build a second brain', 'note-taking', 'notes', 'gtd', 'second brain cours', 'all tiago forte', 'forte labs second brain course', 'second brain course']",Ali Abdaal 25,2020-08-20,2021-02-28,192,2531.0,4.05,0.06,0.15
116,26,19,UCoOae5nYA7VqaXzerajD0lg,Ali Abdaal,27,My Last Day as a Doctor - Reflections,X52jSWjnvC0,2020-08-06T17:15:01Z,724211,23437,582,2050,"['Ali Abdaal', 'Ali abdal', 'leaving medicine', ""why i'm leaving medicine"", 'leaving medicine for another career', 'doctor quits', 'ali abdaal leaving medicine', 'leaving clinical medicine', 'doctors leaving medicine', 'why doctors leave medicine', 'ali abdaal vlog', 'ali abdaal youtube']",Ali Abdaal 26,2020-08-06,2021-02-28,206,3516.0,3.24,0.08,0.28
117,27,7,UCoOae5nYA7VqaXzerajD0lg,Ali Abdaal,27,How to Stop Procrastinating,yBP1VjO9RSE,2020-07-28T17:52:51Z,600457,28893,355,1468,"['Ali Abdaal', 'procrastination', 'how to beat procrastination', 'getting over procrastination', 'how to overcome procrastination', 'productivity', 'productive', 'overcoming procrastination', 'how to be productive', 'productivity tips', 'how to stop procrastination', 'beat procrastination', 'how to stop procrastinating', 'be more productive', 'tips to stop procrastination', 'increase productivity', 'how to avoid procrastination', 'how to be more productive', 'productivity hacks', 'time management', 'productivity 2020']",Ali Abdaal 27,2020-07-28,2021-02-28,215,2793.0,4.81,0.06,0.24
118,28,0,UCoOae5nYA7VqaXzerajD0lg,Ali Abdaal,27,My INSANELY Productive Morning Routine,mcitELserqk,2020-07-24T15:00:17Z,652062,28878,1732,2235,"['Ali Abdaal', 'Ali abdal', 'productive', 'productivity', 'morning routine', 'routine', 'morning', '2020', 'my morning routine', 'productive morning routine', 'productive morning', 'how to be productive', 'getting up early', 'day in the life', 'junior doctor', 'uk doctor', 'cambridge medicine', 'life as a doctor', 'waking up early', 'being productive', 'productivity 2020', 'morning routine 2020']",Ali Abdaal 28,2020-07-24,2021-02-28,219,2977.0,4.43,0.27,0.34
119,29,36,UCoOae5nYA7VqaXzerajD0lg,Ali Abdaal,27,How I Organise My Life with Roam,bpikCLhpIRY,2020-07-21T15:59:34Z,206411,4743,194,638,"['Ali Abdaal', 'Ali abdal', 'roam research', 'how to use roam research', 'how i use roam research', 'notes with roam research', 'taking notes with roam', 'how to organize with roam', 'book notes with roam research', 'how do I use roam research', 'roam research tutorial', 'roam research setup', 'roam research workflow', 'roam research tips', 'roam research guide', 'roam research notion', 'is roam research good', 'roam research overview', 'ali abdaal roam research', 'ali abdaal', 'how to use roam', 'shu omi']",Ali Abdaal 29,2020-07-21,2021-02-28,222,930.0,2.3,0.09,0.31
120,0,2,UCV6KDgJskWaEckne5aPA0aQ,Graham Stephan,27,The Market Is Going Negative,aIjeaErC6vM,2021-02-26T23:30:00Z,318124,29965,508,3106,"['investing', 'investing for beginners', 'investing in your 20s', 'how to invest', 'how to invest in real estate', 'how to invest in stocks', 'stock market investing', 'stock market investing for beginners', 'stock options', 'robinhood', 'robinhood app', 'best stock trading app', 'how to be a millionaire', 'how to be a millionaire in 3 years', 'credit score', 'credit score explained', 'credit card', 'credit cards for beginners', 'passive income', 'how to build wealth', 'how to build wealth in your 20s', 'real estate 101']",Graham Stephan 0,2021-02-26,2021-02-28,2,159062.0,9.42,0.16,0.98
121,1,21,UCV6KDgJskWaEckne5aPA0aQ,Graham Stephan,27,Why Millennials Should NOT Invest,ijWL5VKcgSk,2021-02-24T23:30:04Z,293761,20178,483,4451,"['investing', 'investing for beginners', 'investing in your 20s', 'how to invest', 'how to invest in real estate', 'how to invest in stocks', 'stock market investing', 'stock market investing for beginners', 'stock options', 'robinhood', 'robinhood app', 'best stock trading app', 'how to be a millionaire', 'how to be a millionaire in 3 years', 'credit score', 'credit score explained', 'credit card', 'credit cards for beginners', 'passive income', 'how to build wealth', 'how to build wealth in your 20s', 'real estate 101']",Graham Stephan 1,2021-02-24,2021-02-28,4,73440.0,6.87,0.16,1.52
122,2,34,UCV6KDgJskWaEckne5aPA0aQ,Graham Stephan,27,The Next Market Crash - 7 Ways To Make Money,royHYG5VHUQ,2021-02-22T23:30:02Z,778440,67782,1074,6000,"['investing', 'investing for beginners', 'investing in your 20s', 'how to invest', 'how to invest in real estate', 'how to invest in stocks', 'stock market investing', 'stock market investing for beginners', 'stock options', 'robinhood', 'robinhood app', 'best stock trading app', 'how to be a millionaire', 'how to be a millionaire in 3 years', 'credit score', 'credit score explained', 'credit card', 'credit cards for beginners', 'passive income', 'how to build wealth', 'how to build wealth in your 20s', 'real estate 101']",Graham Stephan 2,2021-02-22,2021-02-28,6,129740.0,8.71,0.14,0.77
123,3,15,UCV6KDgJskWaEckne5aPA0aQ,Graham Stephan,27,THE END OF CREDIT SCORES | Major Changes Explained,MlDHV6kKGVY,2021-02-19T23:30:01Z,707252,63351,1337,7658,"['investing', 'investing for beginners', 'investing in your 20s', 'how to invest', 'how to invest in real estate', 'how to invest in stocks', 'stock market investing', 'stock market investing for beginners', 'stock options', 'robinhood', 'robinhood app', 'best stock trading app', 'how to be a millionaire', 'how to be a millionaire in 3 years', 'credit score', 'credit score explained', 'credit card', 'credit cards for beginners', 'passive income', 'how to build wealth', 'how to build wealth in your 20s', 'real estate 101']",Graham Stephan 3,2021-02-19,2021-02-28,9,78584.0,8.96,0.19,1.08
124,4,49,UCV6KDgJskWaEckne5aPA0aQ,Graham Stephan,27,The Stock Market Is Out Of Control,pMSVRPfuLP0,2021-02-17T23:30:06Z,495635,41545,650,5367,"['investing', 'investing for beginners', 'investing in your 20s', 'how to invest', 'how to invest in real estate', 'how to invest in stocks', 'stock market investing', 'stock market investing for beginners', 'stock options', 'robinhood', 'robinhood app', 'best stock trading app', 'how to be a millionaire', 'how to be a millionaire in 3 years', 'credit score', 'credit score explained', 'credit card', 'credit cards for beginners', 'passive income', 'how to build wealth', 'how to build wealth in your 20s', 'real estate 101']",Graham Stephan 4,2021-02-17,2021-02-28,11,45058.0,8.38,0.13,1.08
125,5,20,UCV6KDgJskWaEckne5aPA0aQ,Graham Stephan,27,My Response To iDubbbzTV | The Full Story,G3rs2rizX14,2021-02-15T23:30:03Z,194324,18625,321,2667,"['investing', 'investing for beginners', 'investing in your 20s', 'how to invest', 'how to invest in real estate', 'how to invest in stocks', 'stock market investing', 'stock market investing for beginners', 'robinhood app', 'best stock trading app', 'how to be a millionaire', 'how to be a millionaire in 3 years', 'credit card', 'credit cards for beginners', 'idubbbz', 'idubbbztv', 'idubbbz diss track', 'idubbbz stream', 'content cop', 'finance cop', 'idubbbz bitcoin', 'ian carter', 'h3h3', 'full force', 'h3h3 podcast']",Graham Stephan 5,2021-02-15,2021-02-28,13,14948.0,9.58,0.17,1.37
126,6,6,UCV6KDgJskWaEckne5aPA0aQ,Graham Stephan,27,"BITCOIN TO $500,000 - What You MUST Know",Gr_pRSw4ZRw,2021-02-09T23:03:44Z,551624,45127,760,8086,"['investing', 'investing for beginners', 'investing in your 20s', 'how to invest', 'how to invest in real estate', 'how to invest in stocks', 'stock market investing', 'stock market investing for beginners', 'stock options', 'robinhood', 'robinhood app', 'best stock trading app', 'how to be a millionaire', 'how to be a millionaire in 3 years', 'credit score', 'credit score explained', 'credit card', 'credit cards for beginners', 'passive income', 'how to build wealth', 'how to build wealth in your 20s', 'real estate 101']",Graham Stephan 6,2021-02-09,2021-02-28,19,29033.0,8.18,0.14,1.47
127,7,24,UCV6KDgJskWaEckne5aPA0aQ,Graham Stephan,27,Why You SHOULD NOT Buy A Home,xKLNioOx_ws,2021-02-05T23:30:05Z,447944,30029,573,4631,"['investing', 'investing for beginners', 'investing in your 20s', 'how to invest', 'how to invest in real estate', 'how to invest in stocks', 'stock market investing', 'stock market investing for beginners', 'stock options', 'robinhood', 'robinhood app', 'best stock trading app', 'how to be a millionaire', 'how to be a millionaire in 3 years', 'credit score', 'credit score explained', 'credit card', 'credit cards for beginners', 'passive income', 'how to build wealth', 'how to build wealth in your 20s', 'real estate 101']",Graham Stephan 7,2021-02-05,2021-02-28,23,19476.0,6.7,0.13,1.03
128,8,46,UCV6KDgJskWaEckne5aPA0aQ,Graham Stephan,27,Why I Left California | The Aftermath,tSXjKErViWw,2021-02-03T23:30:03Z,612289,48383,1058,7069,"['investing', 'investing for beginners', 'investing in your 20s', 'how to invest', 'how to invest in real estate', 'how to invest in stocks', 'stock market investing', 'stock market investing for beginners', 'stock options', 'robinhood', 'robinhood app', 'best stock trading app', 'how to be a millionaire', 'how to be a millionaire in 3 years', 'credit score', 'credit score explained', 'credit card', 'credit cards for beginners', 'passive income', 'how to build wealth', 'how to build wealth in your 20s', 'real estate 101']",Graham Stephan 8,2021-02-03,2021-02-28,25,24492.0,7.9,0.17,1.15
129,9,11,UCV6KDgJskWaEckne5aPA0aQ,Graham Stephan,27,REVEALING MY FINISHED LAS VEGAS HOME TOUR | LEAVING CALIFORNIA,Ix--Z0vHdv8,2021-02-01T23:30:01Z,1012417,90303,1447,10652,"['investing', 'investing for beginners', 'investing in your 20s', 'how to invest', 'how to invest in real estate', 'how to invest in stocks', 'stock market investing', 'stock market investing for beginners', 'stock options', 'robinhood', 'robinhood app', 'best stock trading app', 'how to be a millionaire', 'how to be a millionaire in 3 years', 'credit score', 'credit score explained', 'credit card', 'credit cards for beginners', 'passive income', 'how to build wealth', 'how to build wealth in your 20s', 'real estate 101']",Graham Stephan 9,2021-02-01,2021-02-28,27,37497.0,8.92,0.14,1.05
130,10,17,UCV6KDgJskWaEckne5aPA0aQ,Graham Stephan,27,The GameStop Infinite Money Glitch Explained,8YrnTbzuOWM,2021-01-27T21:00:01Z,1537576,108690,1873,11455,"['investing', 'investing for beginners', 'investing in your 20s', 'how to invest', 'how to invest in real estate', 'how to invest in stocks', 'stock market investing', 'stock market investing for beginners', 'stock options', 'robinhood', 'robinhood app', 'best stock trading app', 'how to be a millionaire', 'how to be a millionaire in 3 years', 'credit score', 'credit score explained', 'credit card', 'credit cards for beginners', 'passive income', 'how to build wealth', 'how to build wealth in your 20s', 'real estate 101']",Graham Stephan 10,2021-01-27,2021-02-28,32,48049.0,7.07,0.12,0.75
131,11,4,UCV6KDgJskWaEckne5aPA0aQ,Graham Stephan,27,6 Millionaire Habits That Changed My Life,1gVZcsJRK1w,2021-01-01T23:30:00Z,818400,111289,1110,4238,"['investing', 'investing for beginners', 'investing in your 20s', 'how to invest', 'how to invest in real estate', 'how to invest in stocks', 'stock market investing', 'stock market investing for beginners', 'stock options', 'robinhood', 'robinhood app', 'best stock trading app', 'how to be a millionaire', 'how to be a millionaire in 3 years', 'credit score', 'credit score explained', 'credit card', 'credit cards for beginners', 'passive income', 'how to build wealth', 'how to build wealth in your 20s', 'real estate 101']",Graham Stephan 11,2021-01-01,2021-02-28,58,14110.0,13.6,0.14,0.52
132,12,38,UCV6KDgJskWaEckne5aPA0aQ,Graham Stephan,27,Why I Stopped Buying Real Estate,h8R0qQDQebM,2020-12-28T23:30:02Z,592246,45851,1223,3882,"['investing', 'investing for beginners', 'investing in your 20s', 'how to invest', 'how to invest in real estate', 'how to invest in stocks', 'stock market investing', 'stock market investing for beginners', 'stock options', 'robinhood', 'robinhood app', 'best stock trading app', 'how to be a millionaire', 'how to be a millionaire in 3 years', 'credit score', 'credit score explained', 'credit card', 'credit cards for beginners', 'passive income', 'how to build wealth', 'how to build wealth in your 20s', 'real estate 101']",Graham Stephan 12,2020-12-28,2021-02-28,62,9552.0,7.74,0.21,0.66
133,13,28,UCV6KDgJskWaEckne5aPA0aQ,Graham Stephan,27,Meet The Homeless Man Who Bought A Bugatti | TheStradman,bTecHenYWqA,2020-12-09T23:30:04Z,1884269,131198,1978,6852,"['investing', 'investing for beginners', 'investing in your 20s', 'how to invest', 'how to invest in real estate', 'how to invest in stocks', 'stock market investing', 'stock market investing for beginners', 'stock options', 'robinhood', 'robinhood app', 'best stock trading app', 'how to be a millionaire', 'how to be a millionaire in 3 years', 'credit score', 'credit score explained', 'credit card', 'credit cards for beginners', 'passive income', 'how to build wealth', 'how to build wealth in your 20s', 'real estate 101']",Graham Stephan 13,2020-12-09,2021-02-28,81,23263.0,6.96,0.1,0.36
134,14,7,UCV6KDgJskWaEckne5aPA0aQ,Graham Stephan,27,Passive Income: How Much You Need Invested To Make $200 Per Day,1k_jJDZ2ym0,2020-12-07T23:30:01Z,760699,58037,720,4164,"['investing', 'investing for beginners', 'investing in your 20s', 'how to invest', 'how to invest in real estate', 'how to invest in stocks', 'stock market investing', 'stock market investing for beginners', 'stock options', 'robinhood', 'robinhood app', 'best stock trading app', 'how to be a millionaire', 'how to be a millionaire in 3 years', 'credit score', 'credit score explained', 'credit card', 'credit cards for beginners', 'passive income', 'how to build wealth', 'how to build wealth in your 20s', 'real estate 101']",Graham Stephan 14,2020-12-07,2021-02-28,83,9165.0,7.63,0.09,0.55
135,15,12,UCV6KDgJskWaEckne5aPA0aQ,Graham Stephan,27,Revealing My ENTIRE $13 Million Investment Portfolio | 30 Years Old,hn1pjPHQlcQ,2020-12-02T23:30:01Z,739528,41453,719,4144,"['investing', 'investing for beginners', 'investing in your 20s', 'how to invest', 'how to invest in real estate', 'how to invest in stocks', 'stock market investing', 'stock market investing for beginners', 'stock options', 'robinhood', 'robinhood app', 'best stock trading app', 'how to be a millionaire', 'how to be a millionaire in 3 years', 'credit score', 'credit score explained', 'credit card', 'credit cards for beginners', 'passive income', 'how to build wealth', 'how to build wealth in your 20s', 'real estate 101']",Graham Stephan 15,2020-12-02,2021-02-28,88,8404.0,5.61,0.1,0.56
136,16,32,UCV6KDgJskWaEckne5aPA0aQ,Graham Stephan,27,My Response To MeetKevin | The Full Story,EZEGc8PEC3A,2020-11-20T23:30:01Z,424421,27568,647,2079,"['investing', 'investing for beginners', 'investing in your 20s', 'how to invest', 'how to invest in real estate', 'how to invest in stocks', 'stock market investing', 'stock market investing for beginners', 'stock options', 'robinhood', 'robinhood app', 'best stock trading app', 'how to be a millionaire', 'how to be a millionaire in 3 years', 'credit score', 'credit score explained', 'credit card', 'credit cards for beginners', 'passive income', 'how to build wealth', 'how to build wealth in your 20s', 'real estate 101']",Graham Stephan 16,2020-11-20,2021-02-28,100,4244.0,6.5,0.15,0.49
137,17,42,UCV6KDgJskWaEckne5aPA0aQ,Graham Stephan,27,10 Things I Stopped Buying | Financial Minimalism,8o_5IPjOUog,2020-11-02T23:30:01Z,381326,25701,581,3197,"['investing', 'investing for beginners', 'investing in your 20s', 'how to invest', 'how to invest in real estate', 'how to invest in stocks', 'stock market investing', 'stock market investing for beginners', 'stock options', 'robinhood', 'robinhood app', 'best stock trading app', 'how to be a millionaire', 'how to be a millionaire in 3 years', 'credit score', 'credit score explained', 'credit card', 'credit cards for beginners', 'passive income', 'how to build wealth', 'how to build wealth in your 20s', 'real estate 101']",Graham Stephan 17,2020-11-02,2021-02-28,118,3232.0,6.74,0.15,0.84
138,18,48,UCV6KDgJskWaEckne5aPA0aQ,Graham Stephan,27,How I Bought My NEW Las Vegas Home For $0,D32umxevtCU,2020-10-21T22:30:00Z,482119,45570,905,4343,"['investing', 'investing for beginners', 'investing in your 20s', 'how to invest', 'how to invest in real estate', 'how to invest in stocks', 'stock market investing', 'stock market investing for beginners', 'stock options', 'best stock trading app', 'how to be a millionaire', 'how to be a millionaire in 3 years', 'credit score', 'credit score explained', 'credit card', 'credit cards for beginners', 'passive income', 'how to build wealth', 'how to build wealth in your 20s', 'real estate 101', 'leaving california']",Graham Stephan 18,2020-10-21,2021-02-28,130,3709.0,9.45,0.19,0.9
139,19,14,UCV6KDgJskWaEckne5aPA0aQ,Graham Stephan,27,How Much I Make With 2 Million Subscribers,9vpwTxALZAs,2020-10-16T22:30:01Z,789858,79976,907,7569,"['investing', 'investing for beginners', 'investing in your 20s', 'how to invest', 'how to invest in real estate', 'how to invest in stocks', 'stock market investing', 'stock market investing for beginners', 'stock options', 'robinhood', 'robinhood app', 'best stock trading app', 'how to be a millionaire', 'how to be a millionaire in 3 years', 'credit score', 'credit score explained', 'credit card', 'credit cards for beginners', 'passive income', 'how to build wealth', 'how to build wealth in your 20s', 'real estate 101']",Graham Stephan 19,2020-10-16,2021-02-28,135,5851.0,10.13,0.11,0.96
140,20,10,UCV6KDgJskWaEckne5aPA0aQ,Graham Stephan,27,REVEALING MY NEW LAS VEGAS HOME TOUR | LEAVING CALIFORNIA,Tu7VtSMvNJU,2020-10-14T22:30:01Z,1259713,70570,1378,10094,"['investing', 'investing for beginners', 'investing in your 20s', 'how to invest', 'how to invest in real estate', 'how to invest in stocks', 'stock market investing', 'stock market investing for beginners', 'stock options', 'robinhood', 'robinhood app', 'best stock trading app', 'how to be a millionaire', 'how to be a millionaire in 3 years', 'credit score', 'credit score explained', 'credit card', 'credit cards for beginners', 'passive income', 'how to build wealth', 'how to build wealth in your 20s', 'real estate 101']",Graham Stephan 20,2020-10-14,2021-02-28,137,9195.0,5.6,0.11,0.8
141,21,9,UCV6KDgJskWaEckne5aPA0aQ,Graham Stephan,27,Why I&#39;m Leaving California,CYUDZGwUzXE,2020-10-09T22:30:00Z,2027189,166602,6491,31011,"['investing', 'investing for beginners', 'investing in your 20s', 'how to invest', 'how to invest in real estate', 'how to invest in stocks', 'stock market investing', 'stock market investing for beginners', 'stock options', 'robinhood', 'robinhood app', 'best stock trading app', 'how to be a millionaire', 'how to be a millionaire in 3 years', 'credit score', 'credit score explained', 'credit card', 'credit cards for beginners', 'passive income', 'how to build wealth', 'how to build wealth in your 20s', 'real estate 101']",Graham Stephan 21,2020-10-09,2021-02-28,142,14276.0,8.22,0.32,1.53
142,22,43,UCV6KDgJskWaEckne5aPA0aQ,Graham Stephan,27,My thoughts on money and relationships,I0tBAxhcisQ,2020-09-28T22:30:00Z,383878,37074,442,3998,"['investing', 'investing for beginners', 'investing in your 20s', 'how to invest', 'how to invest in real estate', 'how to invest in stocks', 'stock market investing', 'stock market investing for beginners', 'stock options', 'robinhood', 'robinhood app', 'best stock trading app', 'how to be a millionaire', 'how to be a millionaire in 3 years', 'credit score', 'credit score explained', 'credit card', 'credit cards for beginners', 'passive income', 'how to build wealth', 'how to build wealth in your 20s', 'real estate 101']",Graham Stephan 22,2020-09-28,2021-02-28,153,2509.0,9.66,0.12,1.04
143,23,22,UCV6KDgJskWaEckne5aPA0aQ,Graham Stephan,27,Kevin Oâ€™Leary Reacts To My $10 Million Dollar Investment | Shark Tank,u1rXNTbFm-s,2020-09-23T22:30:03Z,2137627,158517,1742,10179,"['investing', 'investing for beginners', 'investing in your 20s', 'how to invest', 'how to invest in real estate', 'how to invest in stocks', 'stock market investing', 'stock market investing for beginners', 'stock options', 'robinhood app', 'best stock trading app', 'how to be a millionaire', 'credit score', 'credit score explained', 'credit card', 'credit cards for beginners', 'passive income', 'how to build wealth', 'how to build wealth in your 20s', 'real estate 101', 'kevin oleary', 'shark tank', 'millennial money']",Graham Stephan 23,2020-09-23,2021-02-28,158,13529.0,7.42,0.08,0.48
144,24,25,UCV6KDgJskWaEckne5aPA0aQ,Graham Stephan,27,The 5 BEST Index Funds That Will Make You RICH,vCdTLteTPtM,2020-09-16T22:30:04Z,867898,76404,1062,5341,"['investing', 'investing for beginners', 'investing in your 20s', 'how to invest', 'how to invest in real estate', 'how to invest in stocks', 'stock market investing', 'stock market investing for beginners', 'stock options', 'robinhood', 'robinhood app', 'best stock trading app', 'how to be a millionaire', 'how to be a millionaire in 3 years', 'credit score', 'credit score explained', 'credit card', 'credit cards for beginners', 'passive income', 'how to build wealth', 'how to build wealth in your 20s', 'real estate 101']",Graham Stephan 24,2020-09-16,2021-02-28,165,5260.0,8.8,0.12,0.62
145,25,3,UCV6KDgJskWaEckne5aPA0aQ,Graham Stephan,27,6 Millionaire Habits I Wish I Knew At 20,Bzwk7f9Ic44,2020-08-24T21:30:01Z,729497,91858,618,4106,"['investing', 'investing for beginners', 'investing in your 20s', 'how to invest', 'how to invest in real estate', 'how to invest in stocks', 'stock market investing', 'stock market investing for beginners', 'stock options', 'robinhood', 'robinhood app', 'best stock trading app', 'how to be a millionaire', 'how to be a millionaire in 3 years', 'credit score', 'credit score explained', 'credit card', 'credit cards for beginners', 'passive income', 'how to build wealth', 'how to build wealth in your 20s', 'real estate 101']",Graham Stephan 25,2020-08-24,2021-02-28,188,3880.0,12.59,0.08,0.56
146,26,16,UCV6KDgJskWaEckne5aPA0aQ,Graham Stephan,27,How To Retire by 30 Years Old | Starting with $0,5S2cRNveZgg,2020-07-24T22:30:00Z,644919,48656,829,4312,"['investing', 'investing for beginners', 'investing in your 20s', 'how to invest', 'how to invest in real estate', 'how to invest in stocks', 'stock market investing', 'stock market investing for beginners', 'stock options', 'robinhood', 'robinhood app', 'best stock trading app', 'how to be a millionaire', 'how to be a millionaire in 3 years', 'credit score', 'credit score explained', 'credit card', 'credit cards for beginners', 'passive income', 'how to build wealth', 'how to build wealth in your 20s', 'real estate 101']",Graham Stephan 26,2020-07-24,2021-02-28,219,2945.0,7.54,0.13,0.67
147,27,5,UCV6KDgJskWaEckne5aPA0aQ,Graham Stephan,27,Confronting Pokimane | Inside The Million Dollar Empire,wvl05CQKkY0,2020-07-23T00:00:32Z,1064554,121085,1942,8765,"['investing', 'investing for beginners', 'investing in your 20s', 'how to invest', 'how to invest in real estate', 'how to invest in stocks', 'stock market investing', 'stock market investing for beginners', 'stock options', 'robinhood', 'best stock trading app', 'how to be a millionaire', 'how to be a millionaire in 3 years', 'credit card', 'credit cards for beginners', 'how to build wealth', 'how to build wealth in your 20s', 'Pokimane', 'pokimane reacts', 'pokimane investing', 'pokimane twitch', 'pokimane stream']",Graham Stephan 27,2020-07-23,2021-02-28,220,4839.0,11.37,0.18,0.82
148,28,18,UCV6KDgJskWaEckne5aPA0aQ,Graham Stephan,27,10 Things To Buy That Make Money ASAP,sgqPZPRazWQ,2020-01-24T23:30:02Z,815073,41389,1099,3228,"['10 things to buy that make money', 'how to invest', 'how to invest in stocks', 'how to invest in real estate', 'stock market investing', 'stock market investing for beginners', 'real estate investing for beginners', 'how to invest in your 20s', 'investing in your 20s', 'how to build wealth', 'how to save money', 'how to save money fast', 'credit score', 'credit score explained', 'robinhood', 'robinhood app', 'stock trading app', 'passive income', 'real estate 101', 'how to make money fast']",Graham Stephan 28,2020-01-24,2021-02-28,401,2033.0,5.08,0.13,0.4
149,29,13,UCV6KDgJskWaEckne5aPA0aQ,Graham Stephan,27,8 Daily Habits That Changed My Life,XgRfM3X_o58,2020-01-06T23:30:01Z,924104,63873,743,2482,"['daily habits', 'rich people habits', 'rich vs poor', 'millionaire habits', 'daily millionaire habits', 'best daily habits', 'morning routine', 'millionaire morning routine', 'how to be a millionaire', 'how i became a millionaire', 'how to build wealth', 'how to invest', 'how to invest in stocks', 'how to invest in real estate', 'real estate investing', 'investing in stocks', 'stock market investing', 'passive income', 'passive income ideas', 'credit score', 'credit score explained', 'robinhood', 'robinhood app']",Graham Stephan 29,2020-01-06,2021-02-28,419,2205.0,6.91,0.08,0.27
